var_name_unique,gene_index,gene_name_original,highly_variable,highly_variable_nbatches,means,dispersions,dispersions_norm
WASH7P,1,WASH7P,True,4,0.001419365466645682,1.2537281105730471,-0.15315908
ISG15,38,ISG15,True,3,0.3028776752786781,1.991699037039922,0.7350905
AL139246.5,119,AL139246.5,True,4,0.0039022744563102945,1.5929597092667993,-0.029280744
AL513320.1,132,AL513320.1,True,4,0.005411616104530527,1.7683420053981065,0.25903797
LINC01134,146,LINC01134,True,4,0.0028022620642497516,1.6971470024055342,0.14314397
AL031847.1,158,AL031847.1,True,4,0.004939929343515874,1.7377627723296925,0.21836174
RNF207,159,RNF207,True,4,0.06205381732903231,2.122192322080073,0.8554842
HES2,166,HES2,True,4,0.007131422877684697,1.7075077144013502,0.13992885
AL359881.1,185,AL359881.1,True,5,0.002170811084567559,1.6957669922857554,0.14131904
TNFRSF9,191,TNFRSF9,True,4,0.013175331077395273,2.015292632858314,0.70662344
CLCN6,291,CLCN6,True,4,0.09328469613657908,2.1415643363214403,0.88681513
NPPA,292,NPPA,True,19,0.6432779078825469,4.112279993224392,9.691876
NPPB,293,NPPB,True,18,0.5671191322661426,3.821109021269634,9.2725
RPL10P17,308,RPL10P17,True,5,0.0019701886601176514,1.631992865684104,0.021930454
HSPB7,363,HSPB7,True,3,0.08247742603097566,2.157837971802821,0.911606
CLCNKB,365,CLCNKB,True,3,0.022730745117955614,2.064589151317163,0.74405986
AL451042.2,368,AL451042.2,True,4,0.0008610416037204993,1.437326875618954,-0.1792032
AL031728.1,470,AL031728.1,True,5,0.0015666279491458178,1.7260637322721073,0.17648311
NBPF2P,472,NBPF2P,True,4,0.005583888230982664,1.826932172808211,0.5114872
AL445253.1,490,AL445253.1,True,4,0.0013999240286103466,1.5005441656064922,-0.07946133
HTR1D,502,HTR1D,True,4,0.003567286854262624,1.5291802337700353,-0.15739138
TCEA3,510,TCEA3,True,12,0.1157359259209179,2.342705644981253,1.2868263
AL357134.1,511,AL357134.1,True,4,0.001419277126638581,1.4393992435694547,-0.26828274
ID3,515,ID3,True,5,1.6090987955442613,2.3166689578062925,0.9042269
GRHL3,535,GRHL3,True,7,0.0032051443684136425,1.8389257702139692,0.43855366
RSRP1,552,RSRP1,True,11,0.6048970766102786,2.1779541581123962,1.454345
SLC30A2,578,SLC30A2,True,5,0.0008749169731167174,1.2096187800135936,-0.11557383
AL512408.1,604,AL512408.1,True,4,0.006065627451773407,1.9087149467379705,0.50829434
AL512288.2,661,AL512288.2,True,4,0.0008982701553909874,1.2948870725462251,-0.1915148
AL137792.2,664,AL137792.2,True,4,0.0007428953212511001,1.087041531759352,-0.40075436
AL513497.1,680,AL513497.1,True,4,0.00427085168229269,1.825312896136467,0.36128792
MATN1,699,MATN1,True,4,0.004392302354592182,1.8421134735760554,0.4017306
AL445248.1,732,AL445248.1,True,4,0.003494464295468398,1.6616268921621156,0.109853424
AL513327.2,785,AL513327.2,True,6,0.0017824058446122512,1.605162272681061,0.10353332
GJB3,793,GJB3,True,4,0.0010096450016075442,1.1477916187911317,-0.49594137
CSF3R,843,CSF3R,True,3,0.02275405041231037,2.0518518608048724,0.7310681
AC117945.2,845,AC117945.2,True,5,0.019107419370894326,1.9443871486920865,0.5600493
RSPO1,857,RSPO1,True,4,0.044967686238605864,2.0700009988629575,0.7773021
RNU6-510P,871,RNU6-510P,True,4,0.005490468667772359,1.8178202703665773,0.3458168
HPCAL4,903,HPCAL4,True,5,0.07849963573561346,2.157007075587086,0.99871236
CITED4,945,CITED4,True,7,0.006519715550097299,1.9100326784541586,0.49330914
RPL23AP17,953,RPL23AP17,True,4,0.0012127459196986817,1.517082188557127,-0.028841985
AC093151.6,957,AC093151.6,True,4,0.0061770490305832,1.8403274900906554,0.5830713
AL513331.1,967,AL513331.1,True,4,0.002038863245441785,1.595500477275022,0.015558456
SNORD38A,1049,SNORD38A,True,4,0.003521542339166874,1.7308054198564407,0.21046731
AL136380.1,1056,AL136380.1,True,4,0.0017357724507282809,1.633485282798643,0.02314299
PRDX1,1073,PRDX1,True,8,2.497237787236085,2.731881667264291,1.0963575
AL358075.3,1089,AL358075.3,True,4,0.003336035069306234,1.7253904852122368,0.2041921
TEX38,1107,TEX38,True,7,0.001972207346218986,1.7116713242461767,0.2553635
AC104170.1,1170,AC104170.1,True,4,0.0012544999401589644,1.60538616918602,0.14467368
AL513218.1,1193,AL513218.1,True,5,0.0011209737394755738,1.468556262797521,-0.121148705
EEF1GP7,1200,EEF1GP7,True,4,0.0030328640951302567,1.6708399594110432,0.12022599
AC099677.1,1210,AC099677.1,True,5,0.0037833856336608658,1.995845858720508,0.6174823
TUBBP10,1216,TUBBP10,True,4,0.0011136489424754474,1.3363972572631837,-0.24739732
ACOT11,1257,ACOT11,True,3,0.02148261979131358,2.0215519373183266,0.6804974
PLPP3,1278,PLPP3,True,4,0.31160189036678,2.044396436331807,0.8744715
FYB2,1283,FYB2,True,4,0.1089216080568733,2.184246841825193,0.9604625
JUN,1298,JUN,True,18,0.5076144603744718,2.4101853753568885,2.6161723
PHBP3,1302,PHBP3,True,4,0.00228380107531802,1.619139223762203,0.02770989
L1TD1,1325,L1TD1,True,14,2.253246680889853,2.8520076418637763,2.0305805
FOXD3-AS1,1338,FOXD3-AS1,True,5,0.6270255797799156,2.0346208657584564,0.6851701
JAK1,1357,JAK1,True,3,0.4618686348096446,2.0560315484478253,0.82365143
LEPROT,1371,LEPROT,True,4,0.676301983476849,2.055839555782697,0.6205196
AL389925.1,1385,AL389925.1,True,4,0.00114802274592417,1.4349590808037487,-0.16819362
GADD45A,1390,GADD45A,True,13,0.6467482222263075,2.1915497617008994,1.527971
WLS,1395,WLS,True,4,0.5723091708275639,2.074371557662701,0.8077983
CTBP2P8,1396,CTBP2P8,True,4,0.004421851551133627,1.661873423828903,0.19576666
RPE65,1399,RPE65,True,7,0.0027422165110830513,1.743496872300753,0.50155836
AL358453.1,1430,AL358453.1,True,4,0.0004997965048390791,1.0823641599593727,-0.34584126
TNNI3K,1446,TNNI3K,True,4,0.0017400942588918207,1.4531622629701806,-0.2771273
AC093158.1,1447,AC093158.1,True,4,0.0006077932826156099,0.9902723058543642,0.15619364
HSPE1P25,1481,HSPE1P25,True,4,0.007181354958862271,1.9488905922312518,0.57569456
NEXN,1483,NEXN,True,19,1.0464782770638519,2.7605410423229806,3.5191348
ADGRL4,1496,ADGRL4,True,4,0.00903173591900951,1.7528632302550176,0.24015895
ST13P20,1515,ST13P20,True,4,0.003755001593791507,1.7321285970839022,0.2080583
AL359762.1,1536,AL359762.1,True,4,0.0021107030840340994,1.7304053931044354,0.2058329
AC114482.1,1538,AC114482.1,True,4,0.0026671055859010654,1.9985339826242212,0.63964844
CCN1,1553,CCN1,True,16,0.445047991102725,2.4652015638599067,3.1506999
SH3GLB1,1562,SH3GLB1,True,4,0.898768205908388,2.1338982065690897,0.7825698
LMO4,1572,LMO4,True,5,0.6870711853064233,2.0848735644877094,0.727533
GBP1,1583,GBP1,True,12,0.03496074017635462,2.3260431695827335,1.2297604
GBP2,1585,GBP2,True,8,0.013463616513844048,2.184210794368882,0.97185487
AC099063.4,1588,AC099063.4,True,4,0.005474488747437132,1.8097481520004888,0.3663011
TGFBR3,1616,TGFBR3,True,5,0.17576629952895875,2.143636077637852,0.949059
BRDT,1618,BRDT,True,5,0.0017933393784321297,1.4646196769370894,-0.23634395
AC126124.2,1644,AC126124.2,True,4,0.00766846851084507,1.9655348796429701,0.60227215
ABCA4,1656,ABCA4,True,4,0.0012478914767357105,1.5688142655332045,-0.11726548
ARHGAP29,1657,ARHGAP29,True,6,0.36266979805721905,2.107081125553209,1.0168698
GAPDHP29,1659,GAPDHP29,True,4,0.0012863261115788171,1.4509792434314026,-0.12379804
AC092802.4,1679,AC092802.4,True,4,0.0008443306660167772,1.3715566035754458,-0.0026977276
NDUFS5P2,1686,NDUFS5P2,True,4,0.000966737472971417,1.294225785630709,-0.38482863
RPL7P9,1687,RPL7P9,True,5,0.3650474763075257,2.080686589579333,0.9641489
VCAM1,1729,VCAM1,True,10,0.032578019610223045,2.240683866460337,1.0414742
DNAJA1P5,1745,DNAJA1P5,True,5,0.0016517674012789256,1.54456228053392,-0.09759602
RNPC3,1748,RNPC3,True,7,0.46850370324507107,2.1140582854362684,1.1184927
AC092506.1,1751,AC092506.1,True,5,0.001577256100437487,1.574778769550343,-0.08097164
AL356488.2,1787,AL356488.2,True,4,0.00042752070226876785,0.8500478755322946,-0.0072701876
RPL7P8,1807,RPL7P8,True,3,0.03429593455659912,1.981252640680563,0.6228111
RBM15-AS1,1828,RBM15-AS1,True,4,0.004516283051041883,1.7470647564428963,0.22479588
PROK1,1834,PROK1,True,4,0.03736908624069773,1.9309315770782447,0.6875773
AL355816.1,1850,AL355816.1,True,4,0.0015717100405922022,1.6792006600023945,0.12396167
KRT18P57,1869,KRT18P57,True,4,0.00989696418496085,2.031202839074306,0.7255787
LINC01356,1893,LINC01356,True,19,1.0681653692801298,2.7621691311064334,3.746429
AL390242.1,1899,AL390242.1,True,4,0.0015984287450452217,1.6612955925890245,0.10636423
NGF,1937,NGF,True,4,0.006284029799035521,1.8321271471255975,0.38770357
CNOT7P2,1939,CNOT7P2,True,6,0.0025116186115181935,1.7637347251628075,0.4268527
CASQ2,1941,CASQ2,True,5,0.0036609076070957757,1.8496316307717164,0.3795516
MAN1A2,1968,MAN1A2,True,5,0.5809035095495924,2.080497303789232,0.9498374
PNRC2P1,1973,PNRC2P1,True,5,0.0029343590993148134,1.6651016787970085,0.10404252
HSD3B2,1989,HSD3B2,True,6,0.0023041645031436574,1.617541738748553,0.3112645
ITGA10,2073,ITGA10,True,5,0.007409919765649569,1.9534457424226583,0.5728101
TXNIP,2081,TXNIP,True,16,0.6406721556939555,2.2169814982263496,1.6211542
U1.9,2091,U1.9,True,4,0.005560630117420558,1.5981204118316588,0.12559414
AC245100.1,2125,AC245100.1,True,4,0.00047396025679397887,0.7346820138136961,-0.5058239
AC245100.4,2131,AC245100.4,True,4,0.018811810914504873,1.9873854690839634,0.62007177
RN7SL473P,2185,RN7SL473P,True,4,0.002030067306823956,1.4644694315262385,-0.2580007
MLLT11,2210,MLLT11,True,3,0.4474443150106719,2.0338248197825837,0.6687339
SEMA6C,2214,SEMA6C,True,3,0.017350647955903884,2.037966049728941,0.71222645
S100A10,2259,S100A10,True,19,2.1711208974593164,3.0415810825854273,2.6541348
HMGN3P1,2265,HMGN3P1,True,5,0.011507574522030299,1.986024349625714,0.6436904
SPRR2F,2274,SPRR2F,True,13,0.10450374312155143,2.4775751619982067,1.6010807
S100A8,2281,S100A8,True,4,0.0013826813468018264,1.353887291491557,0.42911115
S100A6,2284,S100A6,True,4,0.23977036972446436,2.0963244785446626,0.94098145
S100A14,2291,S100A14,True,3,0.035517059806149234,1.9841449428603752,0.64561677
S100A13,2292,S100A13,True,4,0.7584483659931228,2.050226455180405,0.5504677
PKLR,2381,PKLR,True,4,0.007463369641845301,1.8230501997216018,0.35627696
AL139128.1,2401,AL139128.1,True,4,0.0008807761687741423,1.3320638889265712,-0.16462278
SNORA80E,2405,SNORA80E,True,4,0.0008290908430098313,1.3811199215912784,-0.19337457
NES,2445,NES,True,7,0.831790776195925,2.1477980386397415,0.9332297
CRABP2,2448,CRABP2,True,8,1.866976241078351,2.628494683464476,1.5743415
NTRK1,2457,NTRK1,True,3,0.027048378739446276,2.1249158425338743,0.8647994
KRT8P45,2464,KRT8P45,True,4,0.0038374654620966656,1.868582292718747,0.4193086
LINC02772,2469,LINC02772,True,5,0.03652437566813968,2.0769271095594948,0.7774517
AL356276.2,2473,AL356276.2,True,5,0.0017428572208496057,1.4376751000842511,-0.26586175
IFI16,2492,IFI16,True,10,0.34805254294013493,2.2711990825950257,1.5010346
AL139011.1,2523,AL139011.1,True,4,0.006739466631356236,1.873062529547396,0.40082145
AL121985.1,2536,AL121985.1,True,4,0.004802400256548797,1.7204898820216024,0.16153087
CD244,2540,CD244,True,4,0.0022677948634460135,1.234702045876722,0.10106746
APOA2,2567,APOA2,True,8,0.0655873008475649,2.3196418111703374,1.1835113
CFAP126,2573,CFAP126,True,4,0.005548163790065257,1.5881000134286478,-0.031739537
AL359541.1,2590,AL359541.1,True,4,0.003608214783614831,1.6960663740616282,0.15523602
UQCRBP2,2602,UQCRBP2,True,4,0.0017632663686236825,1.5418260948967055,-0.09998306
RGS4,2610,RGS4,True,13,0.25988953674193127,2.34728230592239,1.7379193
RGS5,2611,RGS5,True,18,0.976602668995833,2.691195168424677,3.4994502
RXRG,2625,RXRG,True,4,0.03407514693693726,2.08884652566581,0.79267526
AL356441.1,2629,AL356441.1,True,4,0.0024761592491170433,1.5409358939880586,-0.11189584
DUTP6,2650,DUTP6,True,6,0.0028040065972534845,1.7807740893498847,0.30037248
CREG1,2663,CREG1,True,9,0.4709661220085277,2.1158722907611383,1.1196017
RCSD1,2666,RCSD1,True,3,0.16006021978650564,2.198836148550781,1.0370313
ADCY10,2668,ADCY10,True,4,0.0012635670604084662,1.3644060482587428,-0.3203534
AL135926.2,2694,AL135926.2,True,4,0.0011997295914056953,1.556253488404331,0.19667485
ATP1B1,2697,ATP1B1,True,9,0.7554339573011287,2.1408449306640818,1.0740205
KIFAP3,2712,KIFAP3,True,16,0.5748661752956687,2.2243563885487156,1.641186
PRRX1,2721,PRRX1,True,5,0.16570345727142555,2.234272831987707,1.1858983
Z97200.1,2722,Z97200.1,True,6,0.0033363681171573807,1.6926112328928788,0.5616741
DNM3OS,2746,DNM3OS,True,5,0.030241490801049747,2.162714913296846,0.934467
SUCO,2750,SUCO,True,5,0.5863069509849667,2.0664432669783195,0.85616046
GAS5-AS1,2773,GAS5-AS1,True,4,0.0015360392478685496,1.756156955793715,0.27227336
RABGAP1L-IT1,2787,RABGAP1L-IT1,True,5,0.0033960748026696345,1.7531903164655167,0.24992017
BRINP2,2808,BRINP2,True,3,0.01891625047128648,2.0810955648545977,0.7783487
ANGPTL1,2826,ANGPTL1,True,5,0.007583563987182258,2.026539033603018,0.700391
RPSAP16,2851,RPSAP16,True,4,0.004427275531319671,1.7946338245483833,0.29235137
KRT18P28,2887,KRT18P28,True,4,0.030027744213052012,2.0135221389237126,0.67832667
COLGALT2,2900,COLGALT2,True,3,0.05752672601143329,2.0432021454367146,0.7159318
C1orf21,2903,C1orf21,True,5,0.575024749237417,2.081883595608835,0.9005843
PTGS2,2933,PTGS2,True,5,0.003384213474572938,2.0166056799245613,0.6580894
AL359976.1,2942,AL359976.1,True,11,0.711191588115674,2.2001365833938227,1.4312917
HNRNPA1P46,2946,HNRNPA1P46,True,4,0.0037631680508265777,1.7366983200479305,0.25055182
RGS1,2954,RGS1,True,5,0.0029719402430539777,1.601589960581411,0.43572566
LINC01031,2967,LINC01031,True,4,0.00235641837621814,1.495043813365439,0.36852247
ASPM,2981,ASPM,True,11,0.8879406709122858,2.2260778765585827,1.3849777
MIR181A1HG,2999,MIR181A1HG,True,6,0.00625111377767337,2.1005569271077236,0.8056876
TNNT2,3027,TNNT2,True,19,1.5123039476521176,3.440132882869959,4.1596646
AC119427.2,3028,AC119427.2,True,5,0.09959463870729832,2.178864670869135,0.9426375
TNNI1,3031,TNNI1,True,19,1.243214268381845,2.945591973484583,3.3757868
LMOD1,3045,LMOD1,True,13,0.3667002661005046,2.358331139187506,2.0259135
PPP1R12B,3059,PPP1R12B,True,13,0.3046474694294121,2.407778044923163,2.087322
FMOD,3091,FMOD,True,3,0.042859516429208454,2.047507488552099,0.7163203
PRELP,3093,PRELP,True,3,0.025723825300847568,1.9792294960538497,0.6283274
REN,3114,REN,True,4,0.006391271723981278,1.984737879918311,0.6496371
KLHDC8A,3140,KLHDC8A,True,4,0.006855905729982105,1.8271203484050804,0.35657892
RASSF5,3167,RASSF5,True,3,0.013045174710342366,2.0057739049002437,0.6617343
IL24,3178,IL24,True,5,0.0019278511064609993,1.1502501158739071,0.26928926
MIR205HG,3206,MIR205HG,True,9,0.31129647181632525,2.2738469712393945,1.5730972
CAMK1G,3208,CAMK1G,True,5,0.007838772387247181,1.9649265163219214,0.58109903
IPO8P1,3229,IPO8P1,True,4,0.004045808239113235,1.7598366304455142,0.28132245
ATF3,3263,ATF3,True,8,0.33141846052951046,2.214294664441063,1.498591
RPL31P13,3279,RPL31P13,True,5,0.0036727139753238145,1.8240515672938078,0.3815835
CENPF,3290,CENPF,True,13,1.8535799122613226,2.6996978267416605,1.8837395
GAPDHP24,3293,GAPDHP24,True,4,0.0011267165663316361,1.4448662555173073,-0.13987033
TGFB2,3307,TGFB2,True,17,0.5209383045616408,2.322867646434519,2.233096
AC096642.1,3313,AC096642.1,True,4,0.007124509744535706,1.796248883643888,0.3270572
AURKAP1,3327,AURKAP1,True,4,0.0030342217278245785,1.6560985719201538,0.11068618
LINC01352,3339,LINC01352,True,4,0.0008117412818404694,1.2994283943500715,-0.07566211
LINC02817,3343,LINC02817,True,4,0.0009143866365374746,1.2114938054168556,-0.08259877
AC093152.1,3365,AC093152.1,True,4,0.0015077459866474862,1.5765573859293818,0.26229426
CAPN2,3373,CAPN2,True,5,0.3376813678296908,2.051764929559019,0.81215644
AC092809.2,3384,AC092809.2,True,5,0.001101849027282481,1.1816876101153435,-0.166944
AC092809.4,3385,AC092809.4,True,4,0.004074628523917954,1.9007495442418874,0.47545895
LEFTY2,3412,LEFTY2,True,7,0.064070274683611,2.242305925243544,1.0602658
MIXL1,3422,MIXL1,True,18,0.7574373755339593,2.321241986693098,2.2641323
STUM,3428,STUM,True,4,0.0037126044664831347,1.7455827612845531,0.22570488
FAM96AP2,3456,FAM96AP2,True,5,0.0063394178337851746,1.8452059373309837,0.41911113
AL359510.1,3459,AL359510.1,True,4,0.0015106668391013929,1.4487811525073457,-0.25022477
AL117350.1,3491,AL117350.1,True,4,0.0034972264213932926,1.6923262991545907,0.22365633
AL160004.2,3493,AL160004.2,True,4,0.0034624446904479907,1.770060846831256,0.2944006
ACTA1,3494,ACTA1,True,16,0.36698593468692253,3.3527780740796076,5.8546605
AL136171.2,3535,AL136171.2,True,17,0.08638689602738274,2.6410363648351365,1.7255813
SIPA1L2,3542,SIPA1L2,True,5,0.30444375507406485,2.094074122648369,1.0316482
RPS21P1,3585,RPS21P1,True,4,0.002430385275218833,1.7788033565557395,0.29732844
AL359921.2,3602,AL359921.2,True,4,0.004219573100948987,1.9326354582742609,0.53888696
AL359921.1,3603,AL359921.1,True,6,0.0026388114228468595,1.914377258437361,0.52647525
ACTN2,3605,ACTN2,True,14,0.2900669964927089,2.5437639546585755,2.654638
RYR2,3610,RYR2,True,3,0.16325724891809004,2.1588369644942422,1.0009089
KRT18P32,3620,KRT18P32,True,5,0.004490795661061853,1.7793072076419996,0.30930147
ADH5P3,3631,ADH5P3,True,4,0.0048106298820620435,1.8652223473598966,0.42339492
GREM2,3632,GREM2,True,5,0.03919968401114787,2.151942066160996,0.89890224
MAP1LC3C,3654,MAP1LC3C,True,4,0.002548655998885477,1.6330990967020556,0.30528948
AL591721.1,3670,AL591721.1,True,4,0.0006177548520624193,0.9833121421811806,0.05669244
CATSPERE,3678,CATSPERE,True,4,0.00466282932471568,1.9317615433740989,0.5634843
BX323046.1,3686,BX323046.1,True,4,0.0015079621938759369,1.525224171127651,-0.0058810194
AL591623.1,3699,AL591623.1,True,4,0.0008419091376240133,1.2673784239441546,-0.42195383
AC108488.1,3781,AC108488.1,True,4,0.004160252610326609,1.8468899502086202,0.38431245
CMPK2,3805,CMPK2,True,4,0.00188877465334684,1.4982158285368437,-0.16589962
ID2,3823,ID2,True,9,1.6094146366679631,2.4482484463453176,1.4299734
AC007738.1,3893,AC007738.1,True,6,0.0024013409280644314,1.8712227592206438,0.45329687
VSNL1,3907,VSNL1,True,4,0.5032212828477919,1.9201215999549734,0.064284004
LINC01376,3917,LINC01376,True,4,0.009865955971635044,1.9624293853996617,0.582888
GDF7,3938,GDF7,True,4,0.035320002741102426,2.0068102478314627,0.6780251
APOB,3942,APOB,True,4,0.009969897756689727,1.9859702379819753,0.61333054
PFN4,3966,PFN4,True,3,0.011898350145210953,2.0325308607337806,0.7137941
ITSN2,3969,ITSN2,True,4,0.4236041433120982,2.069525742639699,0.8865634
NDUFB4P4,3994,NDUFB4P4,True,4,0.0027638449216846593,1.6695116299437416,0.09155284
UQCRHP2,3996,UQCRHP2,True,4,0.004185715575863772,1.697388011401221,0.18018246
AC074117.2,4053,AC074117.2,True,4,0.004448190962408902,1.852327972174958,0.44185898
GCKR,4055,GCKR,True,4,0.0011348988696680635,1.4826286273018354,0.05559774
LBH,4095,LBH,True,18,0.628960409811746,2.305632939833788,2.18
KRT18P52,4106,KRT18P52,True,4,0.00992885914126589,1.971185078593354,0.6178776
RN7SL602P,4144,RN7SL602P,True,4,0.0030430225670610225,1.6399778974891135,0.17809343
AC007378.1,4150,AC007378.1,True,4,0.0009643144245182828,1.3212554465197535,-0.11580476
AC007390.1,4160,AC007390.1,True,4,0.0030916899124892143,1.6735518528763238,0.09803121
CDC42EP3,4171,CDC42EP3,True,10,0.487695864238047,2.106621552819348,1.2578725
RPL7P12,4179,RPL7P12,True,4,0.04605664861700845,1.995167235011497,0.666216
SLC8A1-AS1,4206,SLC8A1-AS1,True,3,0.061179524127972146,2.0625923160896664,0.7629999
SLC8A1,4207,SLC8A1,True,16,0.28008722090614885,2.3721381386955374,1.937001
OXER1,4230,OXER1,True,4,0.0030526976550903943,1.7473699690500455,0.1970845
LINC01119,4288,LINC01119,True,4,0.002371010548871445,1.7833462088046674,0.30117092
AC092650.1,4313,AC092650.1,True,5,0.002185712799276944,1.4897261352169588,-0.16897568
AC073082.1,4322,AC073082.1,True,4,0.005569777273359562,1.7841974620325285,0.30720013
CCDC85A,4377,CCDC85A,True,4,0.001248007190641279,1.5751543124019485,0.100839764
AC007250.1,4384,AC007250.1,True,4,0.005534114239893202,1.7701183347040703,0.24602172
AC007098.1,4446,AC007098.1,True,10,0.6043127789541561,2.2166312797358443,1.6184336
OTX1,4447,OTX1,True,4,0.004607705437644959,1.6367656706325675,0.046786036
AC007365.1,4472,AC007365.1,True,4,0.002867581930587721,1.742947737070945,0.357994
AC007389.1,4487,AC007389.1,True,6,0.004001900473261925,1.8999953024483651,0.4998987
LINC01873,4496,LINC01873,True,4,0.003957495310488613,1.8164183376068819,0.31180397
MEIS1-AS3,4497,MEIS1-AS3,True,4,0.0031954963398377304,1.6728412522641865,0.2681881
LINC01798,4500,LINC01798,True,4,0.009231646936400655,1.978226458485528,0.6135108
ASPRV1,4544,ASPRV1,True,5,0.003142374634825986,1.7797158025617041,0.27319902
OR7E46P,4572,OR7E46P,True,4,0.0004086089558654602,0.9007412534473495,-0.18489325
AC074008.1,4601,AC074008.1,True,4,0.0006572599569848282,1.1813571275392405,0.2659978
ACTG2,4612,ACTG2,True,16,0.14083703034806877,2.7293949573365466,2.1852622
LBX2-AS1,4644,LBX2-AS1,True,4,0.005524307616791498,1.8586412421832563,0.41557276
AC005034.5,4671,AC005034.5,True,4,0.0024445860017907224,1.66223094423625,0.07187838
LRRTM1,4696,LRRTM1,True,7,0.21966235828425704,2.2425363384206194,1.4680023
MTCYBP7,4704,MTCYBP7,True,4,0.000777531977685434,1.2806048225482038,-0.2131989
RPL12P18,4713,RPL12P18,True,4,0.00473642432637503,1.7928425424023986,0.32725218
AC062037.1,4728,AC062037.1,True,4,0.0025833708948467572,1.709833127669541,0.20249636
RPSAP22,4735,RPSAP22,True,4,0.0029935479160708295,1.6654171458792209,0.23597315
RNF103-CHMP3,4761,RNF103-CHMP3,True,5,0.0023604902208308074,1.5663953767441248,0.058899466
AC133644.1,4779,AC133644.1,True,5,0.0011133413693513294,1.361781201405581,-0.42694354
AC233266.2,4804,AC233266.2,True,6,0.0024808325657828772,1.629610834769589,0.19470724
AC026273.1,4810,AC026273.1,True,4,0.0017661149377025207,1.5562370482064343,-0.042131115
ANKRD36C,4826,ANKRD36C,True,4,0.36325908767852005,2.105337487409148,0.9617673
FER1L5,4843,FER1L5,True,5,0.004416501594308317,1.8103125119419936,0.35220084
VWA3B,4871,VWA3B,True,4,0.0016707216931459775,1.7715004736569848,0.25838766
IL1RL1,4923,IL1RL1,True,7,0.0031617901992325136,1.8664850484436424,0.6053315
IL18R1,4924,IL18R1,True,5,0.00954166467155767,1.8945327917358195,0.46913943
RPL22P10,4958,RPL22P10,True,4,0.0013499718577086094,1.3045760746025874,-0.341002
SLC5A7,4978,SLC5A7,True,4,0.05420290690202064,2.1601202010895624,0.9178021
SULT1C2,4980,SULT1C2,True,3,0.03548504138303889,2.0263698979320126,0.6811819
FBLN7,5041,FBLN7,True,4,0.010666607687440745,1.9370574627986874,0.5545504
XIAPP3,5064,XIAPP3,True,4,0.0016367815819008653,1.4550504981552346,-0.13156559
AL078621.3,5081,AL078621.3,True,4,0.0016876367069420736,1.4498829199910281,0.1710674
AC104653.2,5086,AC104653.2,True,4,0.0014297636803536212,1.5371821522580076,0.0822419
CFAP221,5122,CFAP221,True,3,0.038157961619141194,2.027153971327734,0.6849919
AC092646.1,5153,AC092646.1,True,5,0.004924867847534829,1.8236075968723715,0.36079398
GYPC,5158,GYPC,True,3,0.5099832365264826,2.0610666221250367,0.7266038
AC010976.1,5174,AC010976.1,True,4,0.005767081838493833,1.8383463077247577,0.3749865
AC010976.2,5175,AC010976.2,True,4,0.001534316409911659,1.312555341944462,0.18838409
DYNLT3P2,5193,DYNLT3P2,True,4,0.0033179708472481605,1.7297337021674022,0.37058067
PLAC9P1,5202,PLAC9P1,True,5,0.0025794278976177397,1.5138712947244375,0.085083656
CFC1,5233,CFC1,True,4,0.11852438084628328,2.111795057738494,0.836905
MTCO1P18,5255,MTCO1P18,True,4,0.0008413578925227339,1.2181750908684652,-0.35109183
NCKAP5,5280,NCKAP5,True,3,0.01826691544120972,2.007547697244151,0.6594771
YY1P2,5319,YY1P2,True,4,0.0010473723214008523,1.4385650867002657,-0.023205908
KYNU,5329,KYNU,True,4,0.013493341591706927,1.8623588204579817,0.44522586
AC073225.1,5409,AC073225.1,True,4,0.002453561476060038,1.7505348743562845,0.21849635
GALNT5,5420,GALNT5,True,3,0.019886786014420618,2.155683365934459,0.9082203
CYTIP,5423,CYTIP,True,4,0.0011955990046011674,1.4992910838400038,0.12750888
AC005042.1,5435,AC005042.1,True,4,0.0026339114686032296,1.7399034118952814,0.22296126
BAZ2B,5443,BAZ2B,True,6,0.8015048949333801,2.1350854547070566,0.9617841
GCG,5474,GCG,True,10,0.006435701524668001,1.5585411329788357,0.65849346
COBLL1,5485,COBLL1,True,7,0.365949192425451,2.165879297121519,1.1458769
SCN3A,5489,SCN3A,True,6,0.0063563444869697725,1.9434498988232043,0.5776199
SCN7A,5502,SCN7A,True,5,0.05875379449311879,2.1204894029145356,0.87243533
XIRP2,5504,XIRP2,True,6,0.002831667282976048,1.637997132739045,0.05938338
ABCB11,5515,ABCB11,True,7,0.009803382799372559,2.061795505360418,0.9022003
DHRS9,5516,DHRS9,True,7,0.011210006933598539,2.1813003812631653,0.95856786
LRP2,5518,LRP2,True,3,0.12268872171495378,2.1346439765070895,0.8839102
DLX2,5562,DLX2,True,4,0.003602552104101668,1.6584883832874204,0.21808963
PDK1,5569,PDK1,True,5,0.4695335327599791,2.0433684991358176,0.78476596
RAPGEF4,5571,RAPGEF4,True,4,0.0051545566900677315,1.910720513652779,0.48957044
MAP3K20,5572,MAP3K20,True,5,0.2952600463480451,2.047682404212361,0.8632909
HOXD-AS2,5616,HOXD-AS2,True,4,0.005611021806750923,1.6625975836707283,0.4953426
TTN,5664,TTN,True,18,1.3179445968415098,3.431199363273123,4.9982243
CCDC141,5674,CCDC141,True,11,0.2764081602934105,2.2751111552675987,1.7373883
KRT18P29,5694,KRT18P29,True,4,0.004088748603330953,1.7172787600801271,0.19774126
FRZB,5697,FRZB,True,14,0.5163404030545199,2.4567369739901235,2.2932887
FSIP2,5717,FSIP2,True,3,0.1652784014988471,2.1731199946778332,0.94265836
RPL21P32,5719,RPL21P32,True,5,0.005874732768186513,1.9584432667048703,0.57679254
TFPI,5732,TFPI,True,11,0.24649870044379338,2.2300824981940486,1.3837452
COL3A1,5738,COL3A1,True,18,1.468056279035731,3.1461178074112732,4.1532226
SLC40A1,5744,SLC40A1,True,7,0.27339129844225507,2.2387538613200237,1.6539531
AC006460.1,5766,AC006460.1,True,4,0.0013266620818603362,1.5814695300803607,-0.04665502
AC005540.1,5767,AC005540.1,True,5,0.004368513094189235,1.961008362995324,0.5958762
TMEFF2,5781,TMEFF2,True,4,0.005068385886755562,1.6661018912447254,0.13425858
AC074290.1,5785,AC074290.1,True,4,0.0018485782810802342,1.7549226882508489,0.22082484
PLCL1,5823,PLCL1,True,4,0.008746718219563287,2.074277096201013,0.78404206
SGO2,5840,SGO2,True,5,0.7390350749526897,2.0478709677445512,0.6063067
RNU6-31P,5845,RNU6-31P,True,4,0.002578971217165995,1.6575452146967515,0.12118492
RPL17P10,5860,RPL17P10,True,4,0.006667616279144432,1.889780028355449,0.48533553
FLACC1,5868,FLACC1,True,4,0.007995525277180157,2.0030420912645477,0.63943595
KIAA2012,5882,KIAA2012,True,4,0.011566200353918083,1.9022994293340891,0.49286422
AC125238.1,5922,AC125238.1,True,5,0.0014060926797343609,1.340961784957556,-0.3168583
NRP2,5928,NRP2,True,18,0.7145839733385064,2.395173835733766,2.5714467
C2orf80,5973,C2orf80,True,4,0.006449753878571281,1.747854945258822,0.21749337
AC007038.1,5992,AC007038.1,True,4,0.006989292895546385,1.9516020848086222,0.5871185
MYL1,5996,MYL1,True,4,0.00445389524244182,1.6182438061841382,0.1395879
VWC2L,6012,VWC2L,True,4,0.0022498752636868524,1.5924797740995558,-0.062265333
FN1,6020,FN1,True,16,0.5996068985539197,2.5292037413459556,3.270046
AC093850.1,6024,AC093850.1,True,4,0.00272609291719008,1.7332828563156166,0.17651217
AC098820.3,6039,AC098820.3,True,4,0.0018580565123031112,1.5194894808528558,-0.043019418
IGFBP5,6045,IGFBP5,True,19,0.6741346722312727,2.7861598087748787,3.888011
AC007563.2,6046,AC007563.2,True,3,0.06247900262211623,2.0803091208940696,0.78729945
AC010136.1,6053,AC010136.1,True,5,0.03070764980926106,2.0398787953323834,0.7280379
CATIP-AS1,6067,CATIP-AS1,True,4,0.00524372360832866,1.769605608765978,0.28557658
RPL23P4,6138,RPL23P4,True,4,0.001840392019035507,1.4478847964502648,-0.10264165
PAX3,6149,PAX3,True,4,0.003509432851479938,1.8960667300896679,0.4585117
CT75,6152,CT75,True,3,0.01556166955780837,2.0756653678412302,0.7671175
SCG2,6163,SCG2,True,10,0.024080679065140952,2.414164931356565,1.3366183
SERPINE2,6169,SERPINE2,True,18,1.285260820367612,2.8130353705794335,3.6732068
RPL23AP26,6245,RPL23AP26,True,5,0.004521086247602393,1.7316249702857662,0.22274834
KCNJ13,6272,KCNJ13,True,5,0.005859124643015469,1.9772873185453654,0.6229896
RN7SL32P,6276,RN7SL32P,True,4,0.0007064219025861934,1.144827510581554,-0.23769465
AC112715.1,6315,AC112715.1,True,4,0.001019623274455923,1.3587440545138947,0.01845576
KLHL30,6330,KLHL30,True,5,0.005069847172287472,1.8186642440847502,0.47648087
AC012485.3,6337,AC012485.3,True,12,0.00625693605911435,2.3381776791094055,1.2988031
AC110619.1,6352,AC110619.1,True,4,0.0007423278010025774,1.1023235071909756,-0.14934443
CNTN4,6406,CNTN4,True,3,0.1677334705595393,2.1309414859828557,0.8909834
ITPR1-DT,6422,ITPR1-DT,True,5,0.008679213707087562,1.9328583148856158,0.55712354
LMCD1,6443,LMCD1,True,8,0.18748818096651207,2.3274018536564816,1.6213729
SSUH2,6445,SSUH2,True,4,0.0018514954123776354,1.4676809712237018,-0.09765875
LINC00852,6494,LINC00852,True,4,0.0017962061582132063,1.5243112679174375,-0.035173647
HRH1,6502,HRH1,True,4,0.0019232700608315806,1.60314490834114,0.031610843
Metazoa-SRP.28,6524,Metazoa-SRP.28,True,4,0.004051339344717636,1.848908566194623,0.39552748
KRT18P17,6527,KRT18P17,True,4,0.022804593511710648,2.035032376004555,0.7237342
RN7SL4P,6575,RN7SL4P,True,6,0.001405364677056288,1.380410930541889,0.028864319
AC090948.1,6584,AC090948.1,True,5,0.0012578963330884165,1.2970577939048007,-0.24709105
PLCL2,6592,PLCL2,True,3,0.04272958005791398,2.0405500593768955,0.6968899
RAD23BP1,6607,RAD23BP1,True,4,0.004634359633733982,1.7151901424721268,0.18871324
EFHB,6610,EFHB,True,4,0.00802081333585322,1.966385274818861,0.6222448
MICOS10P3,6653,MICOS10P3,True,4,0.006032929443229324,1.8161289737147956,0.3597609
GADL1,6679,GADL1,True,6,0.0033528924945858216,1.716928881576543,0.20778918
AC115283.1,6681,AC115283.1,True,4,0.0026158159215310065,1.8244743652761315,0.39127064
TMPPE,6711,TMPPE,True,4,0.001549813994826693,1.3858532352315107,-0.24664578
RPL29P11,6740,RPL29P11,True,4,0.014907313535760705,1.8868056666389876,0.47445482
XIRP1,6780,XIRP1,True,5,0.038477109263152565,2.0589757777050623,0.7441725
AC134504.1,6916,AC134504.1,True,4,0.0022097630185160294,1.3863836736672805,-0.064099714
MYL3,6918,MYL3,True,16,0.4571939023326408,3.001581636165125,5.031304
LINC02585,6968,LINC02585,True,4,0.005091012112950389,1.8749265448297692,0.43609846
RN7SL182P,6987,RN7SL182P,True,4,0.0009717388959174367,1.5085199767539679,-0.15122987
RHOA-IT1,7002,RHOA-IT1,True,4,0.0008102920507218214,1.2842888810812283,0.03893177
GRM2,7073,GRM2,True,5,0.005112988332162996,1.7976337237909574,0.30503827
AC097636.2,7074,AC097636.2,True,4,0.006364565731950902,1.9126647091539342,0.4888771
TNNC1,7105,TNNC1,True,15,0.47308827519695634,2.808227614807606,4.528538
STIMATE-MUSTN1,7126,STIMATE-MUSTN1,True,5,0.0030621122255199093,1.7084106458508532,0.14314122
ESRG,7149,ESRG,True,10,1.1222820196291456,2.242834540445928,1.2613012
LRTM1,7151,LRTM1,True,8,0.002568735142192692,1.886879463741915,0.5738227
WNT5A,7153,WNT5A,True,14,0.4813584903517252,2.2040909180486086,1.7784142
ARHGEF3,7160,ARHGEF3,True,3,0.1691025103322454,2.067697260807612,0.9143326
DENND6A-DT,7178,DENND6A-DT,True,6,0.003360161294962448,1.686113662042284,0.14000304
PXK,7190,PXK,True,3,0.29635734360990806,2.104379633534971,0.9591691
PPIAP70,7206,PPIAP70,True,4,0.003953720765127197,1.714659003927792,0.15137939
CADPS,7216,CADPS,True,3,0.037681836702493914,2.063109231627966,0.7583985
ADAMTS9,7242,ADAMTS9,True,3,0.22746659637496242,2.1584742410710955,1.0162417
FRMD4B,7273,FRMD4B,True,13,0.5507735305902465,2.219516565043739,1.568993
MITF,7275,MITF,True,3,0.08774998436453753,2.16181486840366,0.9102477
HMGB1P36,7282,HMGB1P36,True,6,0.0018310954488402586,1.6373647467117352,0.346075
FOXP1,7283,FOXP1,True,8,0.5451004954115732,2.108973352561666,1.0415906
FOXP1-IT1,7286,FOXP1-IT1,True,4,0.0037956508747547255,1.7783416777686007,0.2799878
CCDC75P1,7306,CCDC75P1,True,3,0.004018412963937513,2.0004782292500964,0.63307685
AC117489.1,7309,AC117489.1,True,4,0.002626010631861403,1.6101696589912693,0.42672163
AC108724.2,7327,AC108724.2,True,5,0.0012687070600143572,1.539740962394869,0.03569006
AGGF1P3,7328,AGGF1P3,True,6,0.0022512231492423087,1.7682877804979558,0.4217139
ROBO2,7334,ROBO2,True,8,0.31170874634719026,2.174749791278497,1.5448519
AC021660.4,7422,AC021660.4,True,5,0.0014267191510986407,1.3497567724830362,-0.2902947
ST3GAL6-AS1,7425,ST3GAL6-AS1,True,3,0.02301391215550881,2.0233639927593465,0.69108015
COL8A1,7434,COL8A1,True,8,0.08378407309785912,2.291752679175818,1.1494523
FILIP1L,7437,FILIP1L,True,17,0.40218287203571584,2.575857341323135,3.5469017
SENP7,7453,SENP7,True,3,0.31185960185331363,2.0784579309146385,0.8137194
AC073861.1,7460,AC073861.1,True,4,1.1095226842442656,2.080074774432098,0.28286088
AC063944.1,7488,AC063944.1,True,4,0.001234436408952216,1.5593942996272576,0.0720567
MYH15,7500,MYH15,True,4,0.020873600907033635,1.980674592129055,0.60543084
DPPA4,7509,DPPA4,True,6,1.4313676395971417,2.237252948458662,0.94805914
NECTIN3-AS1,7516,NECTIN3-AS1,True,3,0.028180188062537054,2.0676195299998144,0.76052064
PLCXD2,7520,PLCXD2,True,4,0.0043389210202287925,1.8370402298432627,0.4051524
SLC9C1,7531,SLC9C1,True,6,0.006071702448937571,1.8994820777993258,0.50523376
CCDC80,7540,CCDC80,True,15,0.5186858281025141,2.4748563535602313,2.9759188
AC026329.1,7551,AC026329.1,True,4,0.0025918446943796456,1.7092104429824075,0.1933149
YBX1P3,7582,YBX1P3,True,4,0.005941934778212962,1.871287568065846,0.46608528
GAP43,7588,GAP43,True,9,0.48955528060613984,2.190711183078644,1.5422615
POPDC2,7621,POPDC2,True,4,0.11543877846081538,2.181883226745549,1.0148762
PHBP8,7625,PHBP8,True,4,0.003372422178698624,1.659379166735624,0.09595589
AC126182.2,7638,AC126182.2,True,3,0.03363143356541068,1.9914904212836317,0.6490116
MYLK,7689,MYLK,True,13,0.13808010286679678,2.7215749380821195,2.1232262
MYLK-AS2,7690,MYLK-AS2,True,4,0.0011920316749687565,1.439645556481825,0.13143581
DUTP1,7705,DUTP1,True,4,0.0027720395126979314,1.7655785942349875,0.25282472
AC092903.2,7721,AC092903.2,True,4,0.010984234665798035,1.7902675031697557,0.31337425
AC079848.1,7726,AC079848.1,True,5,0.005268104899572706,1.9178483164810978,0.49823257
ALDH1L1,7727,ALDH1L1,True,4,0.004628156521998966,1.8896038266760296,0.4700093
AC063919.1,7731,AC063919.1,True,4,0.001589449792106987,1.5021961354076603,-0.014587233
AC112484.3,7769,AC112484.3,True,4,0.0030555359830911058,1.6960148986006576,0.15072013
EFCAB12,7791,EFCAB12,True,4,0.0033934609986975015,1.7729208221815698,0.26985484
TRH,7802,TRH,True,11,0.09709786729479564,2.4382960952721704,1.3949343
KY,7874,KY,True,6,0.0018596605323404855,1.4630889103790434,0.18593964
AC117382.2,7889,AC117382.2,True,4,0.0029108625798906313,1.8464266648650696,0.39434293
CLDN18,7904,CLDN18,True,4,0.0023728039628668858,1.720403392910063,0.20900317
AC016252.1,7905,AC016252.1,True,4,0.0007802174280328546,1.3058834221508182,0.06682291
NME9,7911,NME9,True,4,0.0033858589119629434,1.7217027448304811,0.2158741
RBP1,7934,RBP1,True,5,1.029366596636032,2.102372013569979,0.7345542
AC110716.2,7939,AC110716.2,True,4,0.0012793989630374076,1.1590488637980014,-0.021125268
PBX2P1,7988,PBX2P1,True,5,0.0026615531146125626,1.7225050263228672,0.24061653
LNCSRLR,7998,LNCSRLR,True,5,0.0010300688950939858,1.4064333256169221,-0.35726243
PLOD2,7999,PLOD2,True,3,0.39758033296080053,2.029362532688688,0.7269904
AC069528.1,8001,AC069528.1,True,8,0.007683296990407931,2.1383347297074926,0.88204384
HMGB1P30,8016,HMGB1P30,True,4,0.003465814671846501,1.7344260221919119,0.22901069
GYG1,8019,GYG1,True,3,0.2644497478932366,1.9653541233023255,0.67632157
TM4SF1,8029,TM4SF1,True,11,0.06099803986536535,2.3612201825934833,1.2584691
RPL32P9,8051,RPL32P9,True,4,0.00772082713392788,1.8490585032999178,0.39907637
SUCNR1,8080,SUCNR1,True,9,0.0105432511559576,1.9465027989322923,0.86816746
ATP5MGP5,8087,ATP5MGP5,True,4,0.00217107958396693,1.6526124368633446,0.09298364
ARHGEF26-AS1,8096,ARHGEF26-AS1,True,4,0.005208238110489019,1.9348741926690614,0.5334044
MME,8103,MME,True,3,0.1881185610056914,1.9969697270644726,0.82139814
ALG1L15P,8122,ALG1L15P,True,4,0.00301170250969176,1.7645582809815439,0.27664277
LINC00880,8134,LINC00880,True,4,0.0032497849481248117,1.8452435600360662,0.5156049
LINC02029,8135,LINC02029,True,5,0.0015119512705083881,1.3902196061787409,-0.07508655
LINC00881,8136,LINC00881,True,7,0.010920616899219103,2.05142547220814,0.75825065
KRT18P34,8139,KRT18P34,True,4,0.005928626421237018,1.8418576759324201,0.42042646
PTX3,8144,PTX3,True,6,0.016400558318294112,2.042655981587043,0.7227606
SHOX2,8147,SHOX2,True,5,0.01594391491591926,2.0880368406218266,0.78045547
AC080013.6,8156,AC080013.6,True,5,0.001115126879353307,1.398405953187877,-0.059000146
OTOL1,8193,OTOL1,True,5,0.005522705718580174,1.445059527995836,0.47560573
AC104629.1,8204,AC104629.1,True,4,0.002970620749227584,1.691399128432316,0.13225077
AC072046.1,8206,AC072046.1,True,5,0.001306019118008389,1.4459721188068164,-0.26275492
HMGN1P8,8213,HMGN1P8,True,4,0.0021546543672159913,1.5716353334488702,-0.03963696
GOLIM4,8217,GOLIM4,True,4,0.8070372151556446,2.103731661014977,0.78629696
EGFEM1P,8219,EGFEM1P,True,5,0.016172517649385158,2.0403152189833524,0.7233232
MECOM,8224,MECOM,True,5,0.11815852682026158,2.185810339676665,0.9654296
SEC62-AS1,8240,SEC62-AS1,True,5,0.0012005887109246115,1.5034040553555261,0.021346463
SPATA16,8277,SPATA16,True,5,0.022198498150673873,1.8110616018298618,0.3596056
AC007547.1,8340,AC007547.1,True,4,0.001528904935429503,1.5493849871985237,-0.09556475
RPL7L1P8,8344,RPL7L1P8,True,4,0.0009129294368323289,1.3619412275005476,0.2625596
MCCC1-AS1,8352,MCCC1-AS1,True,4,0.0015382649959437354,1.423990647089117,0.0151729565
CHRD,8389,CHRD,True,3,0.014746273256253491,2.106910128061791,0.8345613
LINC02043,8433,LINC02043,True,4,0.0013965651496470968,1.6464983592552256,0.17855997
MASP1,8441,MASP1,True,11,0.13214567766249966,2.337298025589732,1.2136725
AC007920.2,8442,AC007920.2,True,4,0.0021568355722203997,1.6112055393881448,0.31006148
SST,8446,SST,True,15,0.04429070794776128,2.822954114247152,2.6241925
HES1,8491,HES1,True,4,0.5097134811497139,2.050175161823512,0.7329378
RPL23AP93,8502,RPL23AP93,True,4,0.0004824954682167366,0.9425137390991815,0.038896576
LINC01972,8510,LINC01972,True,4,0.0007574236407918563,1.1408656284096417,0.10922619
RNU4-89P,8568,RNU4-89P,True,4,0.005429065222812647,1.8074020042007752,0.315756
SPON2,8648,SPON2,True,4,0.009027123184639737,2.024665168855896,0.70039386
SCARNA22,8667,SCARNA22,True,4,0.003017574849831541,1.8261456748641507,0.40153006
C4orf48,8669,C4orf48,True,3,0.968984200113561,2.126380613057753,0.6789783
LINC02600,8701,LINC02600,True,4,0.0026890300755449278,1.5718170295628928,-0.08386572
STX18,8717,STX18,True,4,0.3649347669640289,2.019012276329345,0.8078908
AC092437.1,8720,AC092437.1,True,4,0.004766312517545131,1.850919666132413,0.38157693
MSX1,8722,MSX1,True,11,0.3522579349468673,2.1992493167591727,1.4670769
AC073648.6,8776,AC073648.6,True,6,0.0044741841953908085,1.631125657092196,0.33265692
AC005699.1,8808,AC005699.1,True,6,0.014555816040320621,1.957899287287662,0.5801689
NACAP5,8861,NACAP5,True,4,0.008912557697888243,1.798342626501975,0.3333991
SLIT2,8872,SLIT2,True,9,0.36234647569519773,2.203673973208822,1.4289323
KCNIP4,8876,KCNIP4,True,6,0.08763614213642722,2.215077801615778,1.0058156
AC096576.1,8881,AC096576.1,True,5,0.0024271170262963175,1.5821245742908767,0.09364955
PCDH7,8931,PCDH7,True,15,0.5191423747844914,2.246661335805093,1.7062391
C4orf19,8945,C4orf19,True,4,0.006172477655029112,1.747662373270885,0.22706276
PTTG2,8953,PTTG2,True,4,0.023981870800572312,2.0091412775553428,0.6713472
FAM114A1,8963,FAM114A1,True,4,0.38118678513468446,2.087075276686103,0.8168935
LIMCH1,9009,LIMCH1,True,8,0.26025891262025463,2.183380885880618,1.2554423
SHISA3,9024,SHISA3,True,12,0.23563744050383129,2.247670527620233,1.701883
AC107398.3,9047,AC107398.3,True,4,0.006208870448700072,1.948279705607835,0.59897095
AC107068.2,9056,AC107068.2,True,5,0.009108672573573184,2.0341120561541,0.7132338
TXK,9061,TXK,True,4,0.0010587128181121055,1.4227439144169416,-0.13877621
AC110792.1,9106,AC110792.1,True,4,0.0030232484382496498,1.592633595016294,0.15376984
MORF4L2P1,9107,MORF4L2P1,True,4,0.001974936744708057,1.5879260755131623,-0.051857926
PDGFRA,9110,PDGFRA,True,12,0.4313266247731193,2.2103294182753577,1.6033157
KDR,9114,KDR,True,9,0.388082335148093,2.195651783549087,1.2730495
HOPX,9149,HOPX,True,5,0.07534162361883397,2.2335062570285613,1.0453246
AC069307.1,9156,AC069307.1,True,5,0.0023996538102082406,1.5586037436623092,-0.053841643
IGFBP7,9160,IGFBP7,True,12,0.19791275082233456,2.4084425520314894,2.1649134
TECRL,9179,TECRL,True,19,0.7750617176121576,3.009077716856323,5.4133096
SULT1E1,9232,SULT1E1,True,5,0.0023027781356622554,1.6369079994197522,0.35280603
ODAM,9235,ODAM,True,5,0.010051978755372379,1.963954506334277,0.60399914
AC009570.1,9240,AC009570.1,True,5,0.0028086508802032707,1.6544507997435327,0.08186714
AC053527.2,9254,AC053527.2,True,4,0.0036826181347432677,1.9011141186521823,0.5029363
AFP,9257,AFP,True,8,0.17451211324128435,2.500592519352061,2.4635038
HNRNPA1P55,9265,HNRNPA1P55,True,4,0.006649191099950666,1.8161530397701184,0.3593303
AREG,9277,AREG,True,9,0.008939319250703917,2.371278092650101,1.2833568
HSPE1P23,9279,HSPE1P23,True,4,0.001570593630740304,1.7177071429858402,0.19953182
ANXA3,9331,ANXA3,True,3,0.3364766438273499,2.026537699509421,0.84234446
FGF5,9349,FGF5,True,4,0.009224022229856457,1.9932215881557844,0.62509024
HNRNPA3P13,9357,HNRNPA3P13,True,4,0.006341936257763854,1.8587427286637557,0.4184932
AC114781.2,9379,AC114781.2,True,5,0.0014421346286727684,1.6063389211487593,0.2665434
PTPN13,9406,PTPN13,True,9,0.9855046784754993,2.191900143343626,1.1305879
SPARCL1,9423,SPARCL1,True,4,0.015002221123918457,1.9003861469799503,0.4814768
AC093895.1,9424,AC093895.1,True,6,0.001433205997676947,1.5433819840275624,-0.011389196
SPP1,9431,SPP1,True,13,0.26816326699703813,2.443372935484392,2.544053
GPRIN3,9451,GPRIN3,True,3,0.03887196506899523,2.0560313005204356,0.7366862
AC097520.2,9463,AC097520.2,True,4,0.0013416271100455826,1.2630877586469424,-0.48824695
ATOH1,9471,ATOH1,True,8,0.009414734474200376,2.062910386262017,0.7408949
PDLIM5,9476,PDLIM5,True,14,0.49243219253378934,2.235219096367544,1.8781413
AC058823.1,9495,AC058823.1,True,4,0.0012484300320682465,1.2748493631210125,-0.43846747
BANK1,9530,BANK1,True,4,0.011506810797555375,1.71234605628787,0.164137
KRT8P46,9537,KRT8P46,True,6,0.004552531706883988,1.9649287413748449,0.580121
CENPE,9547,CENPE,True,13,0.9526261718143508,2.248107106119687,1.4325686
CXXC4-AS1,9556,CXXC4-AS1,True,4,0.002892989091244956,1.6304880497414067,0.03012073
AC004069.1,9560,AC004069.1,True,5,0.004211692975200426,1.811742695187292,0.35558465
NPNT,9573,NPNT,True,13,0.2902885914558006,2.4211527532676103,1.8576292
AC109361.1,9575,AC109361.1,True,4,0.0016022476319952545,1.5115763349521885,0.107013546
DKK2,9579,DKK2,True,4,0.006588909084582516,1.785993839164523,0.6010207
AC107071.1,9593,AC107071.1,True,4,0.0024461253605091125,1.5682874033876204,-0.12392878
KRT19P3,9614,KRT19P3,True,5,0.0030990384697149563,1.9217107198189516,0.54472953
PITX2,9624,PITX2,True,12,0.4162373245271267,2.1714641352661608,1.4050021
MIR302CHG,9648,MIR302CHG,True,19,1.9349324951663942,2.888553446325144,2.5745456
CAMK2D,9666,CAMK2D,True,8,0.3857896460932645,2.095800924429838,1.0927082
ARSJ,9667,ARSJ,True,4,0.036702269447832024,1.9698214086904173,0.6172767
ACTN4P1,9679,ACTN4P1,True,4,0.0009424431058063557,1.0724519462877051,-0.19676033
AC092670.1,9692,AC092670.1,True,4,0.0009870275522165098,1.3242627068196977,0.108524546
SYNPO2,9701,SYNPO2,True,3,0.08134480162539884,2.0539936486160575,0.7466515
MYOZ2,9702,MYOZ2,True,13,0.1263015712427759,2.38064924286457,1.392264
USP53,9704,USP53,True,4,0.3211370221449091,2.0205471344638766,0.7794192
AC093816.1,9729,AC093816.1,True,4,0.005304457439228664,1.8346740792580878,0.38311672
AC021205.3,9746,AC021205.3,True,5,0.00216548656926421,1.732344057399322,0.23231599
SPRY1,9749,SPRY1,True,4,0.3402609514623079,2.027796131498274,0.77089506
AC108052.1,9801,AC108052.1,True,4,0.17039011884713934,2.1122298808536035,0.8852331
KRT18P54,9810,KRT18P54,True,5,0.0022309084024238453,1.7341156425897155,0.5049945
CLGN,9855,CLGN,True,3,0.3400313405371611,2.0454126890202398,0.76864314
INPP4B,9867,INPP4B,True,4,0.019217294112863166,2.0789708120525043,0.79254204
GYPE,9882,GYPE,True,8,0.062239580137624186,2.2030345157362956,0.9787929
GYPB,9884,GYPB,True,9,0.09440675292315798,2.337611642943545,1.2102505
HHIP,9891,HHIP,True,4,0.030698165416487382,2.1065690599702345,0.8305836
AC079228.1,9901,AC079228.1,True,4,0.004644165000973294,1.8627782900977972,0.41872507
AC093908.1,9923,AC093908.1,True,4,0.032564225901905705,2.0294174219935575,0.72601867
ARHGAP10,9928,ARHGAP10,True,5,0.3707071762094626,2.0736677872843314,1.0161811
MAB21L2,9941,MAB21L2,True,14,0.3548109620584342,2.3030438745334254,1.6683009
AC113155.1,9967,AC113155.1,True,5,0.004930138116133985,1.8729338412620977,0.43666232
WDR45P1,9980,WDR45P1,True,4,0.0015536318605047282,1.5611703663091063,-0.06333227
SFRP2,9984,SFRP2,True,7,1.1679667252162143,2.215563158283285,1.0638764
FGB,9990,FGB,True,7,0.021984253172365974,2.0537037037116095,0.87531126
FGA,9991,FGA,True,4,0.0023315761391451825,1.2867121458157715,0.028560022
AC107208.1,10002,AC107208.1,True,4,0.003248257789440389,1.586937637889221,0.094586805
GUCY1A1,10003,GUCY1A1,True,14,0.4439012058934442,2.259466196100052,1.7429597
AC104083.1,10004,AC104083.1,True,3,0.02591792658073654,2.0272319506350116,0.7002504
TDO2,10006,TDO2,True,8,0.006789930857682039,1.918380348857834,0.5477748
GRIA2,10012,GRIA2,True,5,0.006300402412614799,1.722806167118196,0.6149772
AC017037.2,10015,AC017037.2,True,6,0.0029456541056837797,1.7311233113702404,0.24332096
GASK1B,10016,GASK1B,True,4,0.01335401708294271,2.0434724623447296,0.7340555
AC112247.1,10046,AC112247.1,True,4,0.0018231301325369027,1.4673985644596446,-0.20876677
CPE,10067,CPE,True,16,0.5663282116741404,2.2118616641199664,1.696289
SPOCK3,10074,SPOCK3,True,3,0.07813766209267321,2.0452422479641057,0.86025035
PALLD,10077,PALLD,True,18,0.7671013636972963,2.3073841231018206,1.9872844
AC034159.2,10099,AC034159.2,True,4,0.0007556457294127036,1.1239449406649822,0.0585698
HMGB2,10106,HMGB2,True,10,2.1900984430576016,2.5714450356029026,1.2602822
HAND2,10115,HAND2,True,7,0.3045836607226897,2.21790747358808,1.277382
LINC02268,10122,LINC02268,True,3,0.021988677812233175,2.0481453282162208,0.75787985
AC131094.1,10132,AC131094.1,True,5,0.031147537485613507,1.9161009094552461,0.5475373
GPM6A,10134,GPM6A,True,5,1.5529336357903634,2.2963682359777793,0.8231883
AC078881.1,10146,AC078881.1,True,6,0.015059591578106494,2.061540794306994,0.7492445
LINC02362,10190,LINC02362,True,7,0.0017890929069989377,1.66185199646626,0.33007476
LINC02365,10197,LINC02365,True,5,0.003334031489956313,1.793844410279769,0.31806642
SLC25A4,10206,SLC25A4,True,7,0.6897728675730562,2.101614702645138,0.8650316
PDLIM3,10216,PDLIM3,True,13,0.20414538556311632,2.490312815503947,2.363346
SORBS2,10217,SORBS2,True,14,0.34736665236264896,2.424689455320763,2.4766443
AC093797.1,10218,AC093797.1,True,4,0.0016139020690677248,1.5848247777663493,0.12404662
TLR3,10222,TLR3,True,4,0.005643656834308762,1.7988628700023854,0.31765753
C5orf49,10354,C5orf49,True,4,0.007014370631304236,1.8491429631015759,0.39803916
AC092335.1,10413,AC092335.1,True,5,0.0022474215921692675,1.522604232497064,0.2706193
AC094103.1,10441,AC094103.1,True,4,0.002412284425586832,1.6929357271334824,0.14113839
AC010342.1,10457,AC010342.1,True,4,0.002595440596192883,1.5476585162407153,-0.08582492
LINC02228,10459,LINC02228,True,3,0.019485899708483433,2.0898375580352764,0.80551976
PURPL,10471,PURPL,True,3,0.34586039579017497,2.0438783329081054,0.73078567
RAI14,10525,RAI14,True,3,0.8131360234094857,2.107234274634421,0.7385866
AC008957.3,10549,AC008957.3,True,5,0.014015088296733513,1.9918490851605855,0.64611214
RN7SL37P,10558,RN7SL37P,True,4,0.0024623709681400045,1.7151503074507577,0.30218506
EGFLAM-AS4,10570,EGFLAM-AS4,True,5,0.005830093012333977,1.7158986310232869,0.2840426
LIFR,10573,LIFR,True,3,0.21239717994275828,2.06801152439632,0.88654065
DAB2,10582,DAB2,True,17,0.5628179939758294,2.2621824898708636,1.9249206
C7,10594,C7,True,12,0.0361091094017138,2.4014479071085884,1.3160033
SELENOP,10609,SELENOP,True,8,0.523478481337291,2.1824611934795892,1.3864204
HMGCS1,10631,HMGCS1,True,6,0.849343741382415,2.1449578085522,1.047122
FGF10,10646,FGF10,True,8,0.2495973624974968,2.269021259267422,1.4573944
ISL1,10663,ISL1,True,7,0.22219687610313274,2.2566682610580235,1.2893808
ITGA1,10670,ITGA1,True,4,0.1351875942144038,2.1660116448061615,0.93145967
FST,10679,FST,True,4,0.4281873208102218,1.990230924789417,0.5409695
HSPB3,10691,HSPB3,True,5,0.017672652457286046,2.0457290713128673,0.8668777
CCNO,10702,CCNO,True,4,0.003170686430646992,1.4484295967824738,-0.24906695
IL6ST,10715,IL6ST,True,13,0.5879912096878885,2.230437091735954,1.4766518
RPL26P19,10726,RPL26P19,True,5,0.5114330767870321,1.9995790530998068,0.32037815
PLK2,10743,PLK2,True,16,0.4227936279575597,2.4048595856614448,2.3230796
ADAMTS6,10790,ADAMTS6,True,4,0.13013137226410385,2.162590298459516,0.9210331
MAST4-IT1,10814,MAST4-IT1,True,4,0.0008170808223460259,1.1329282631353503,0.07778722
CCNB1,10835,CCNB1,True,4,0.953759538379705,2.113963527357143,0.77035916
NDUFB9P1,10843,NDUFB9P1,True,4,0.002574592649688066,1.8168064468802139,0.3908335
MAP1B,10872,MAP1B,True,4,1.248701459433893,2.1809050866243043,0.753659
ENC1,10907,ENC1,True,3,0.24877885344126457,2.0991895896653032,0.84814715
AC108120.1,10933,AC108120.1,True,4,0.0013977142551737105,1.5000732121936518,-0.050267253
S100Z,10950,S100Z,True,5,0.005429492187947733,1.6805940917347602,0.41702607
CRHBP,10951,CRHBP,True,15,0.07561899560102953,2.6379372743589755,1.7193874
RPS2P24,10961,RPS2P24,True,4,0.006115622290875545,1.7514937526807257,0.23163778
CMYA5,10987,CMYA5,True,16,0.29867448780919004,2.5659082594317635,2.9711726
AC008496.2,10988,AC008496.2,True,4,0.0012550790548895745,1.329370600902008,-0.032768484
AC022493.2,11016,AC022493.2,True,4,0.0013285798104522841,1.4941068478660948,-0.061717797
VCAN,11044,VCAN,True,15,1.5546618942255694,2.4954972639457176,1.7075009
HAPLN1,11046,HAPLN1,True,19,0.8016436436834162,2.889889293055255,5.5618863
MEF2C,11079,MEF2C,True,16,0.329570844735184,2.451925238813622,2.4949086
POLR3G,11089,POLR3G,True,5,0.8365417092942461,2.086159830245819,0.7468142
LUCAT1,11093,LUCAT1,True,5,0.004134093384970762,1.920346667125791,0.53033394
POLD2P1,11109,POLD2P1,True,5,0.003566325662399146,1.8791870413360117,0.48508087
NR2F1,11111,NR2F1,True,11,0.13451076236760096,2.3523872761832036,1.4445451
RPL7P18,11128,RPL7P18,True,4,0.01431672098671003,2.0754066350270244,0.78127766
RHOBTB3,11137,RHOBTB3,True,18,1.2026205708320576,2.4789160761125175,1.9897263
AC104123.1,11144,AC104123.1,True,5,0.006056778830797441,2.02052656221595,0.6843414
ERAP2,11154,ERAP2,True,4,0.00286615886782927,1.5775713144156716,-0.02054636
LIX1,11160,LIX1,True,19,0.887414927673381,2.595074999909905,3.487408
DDX18P4,11179,DDX18P4,True,4,0.005180201088879202,1.8329411614638083,0.4098822
EEF1A1P20,11188,EEF1A1P20,True,4,0.002262613641302959,1.652350684028555,0.19339396
MTND6P22,11190,MTND6P22,True,4,0.00421886548551233,1.8035110785693012,0.334688
MTCO3P22,11195,MTCO3P22,True,3,0.06717694741410896,1.9868035045116,0.6394212
AC099487.1,11207,AC099487.1,True,4,0.0028717821865446914,1.5670619055360735,0.19758864
PAM,11209,PAM,True,3,0.3446897152113881,2.0636533715244374,0.84684
KRT18P42,11238,KRT18P42,True,4,0.0027240310278584443,1.6821720290581466,0.15260372
STARD4-AS1,11252,STARD4-AS1,True,4,0.7162280287463002,2.0910811104778744,0.72734886
NREP,11254,NREP,True,4,1.1986956866634686,2.1795207044707356,0.72899246
ZNF474,11341,ZNF474,True,4,0.0007602449870501706,0.9833167817451415,-0.3224061
RN7SL689P,11352,RN7SL689P,True,4,0.007383405321023271,1.9799960364960563,0.63574076
PPIC,11353,PPIC,True,6,0.44420207652886406,2.0863215424324566,0.9545712
ZNF608,11369,ZNF608,True,6,0.7002840533518929,2.131384843412858,0.9972091
MARCH3,11389,MARCH3,True,4,0.20456695319764875,2.0853020883542244,0.9282792
FBN2,11407,FBN2,True,10,0.5288999026877909,2.1432938199758893,1.2469058
MTND6P4,11506,MTND6P4,True,4,0.029889096139249016,1.7881693925103341,0.28164223
CXCL14,11520,CXCL14,True,19,0.9053121734997026,2.8443412694874475,4.383408
FBXL21P,11526,FBXL21P,True,4,0.005259542452049887,1.9124050912759425,0.4987272
TGFBI,11527,TGFBI,True,8,0.1777632545334395,2.2526369185290442,1.2533884
VTRNA2-1,11528,VTRNA2-1,True,4,0.004318991894225041,1.615868215829056,0.27558002
TRPC7,11532,TRPC7,True,4,0.0007569645695025613,1.287916221621519,0.28671452
AC113382.1,11550,AC113382.1,True,4,0.0015967282108203505,1.4653335427741783,-0.24061324
WNT8A,11552,WNT8A,True,3,0.05463141943711469,2.09015322686632,0.8083364
EGR1,11566,EGR1,True,9,0.11247028910747252,2.2642361803186892,1.0925211
AC113340.1,11572,AC113340.1,True,4,0.001120995098787073,1.3818898890329308,-0.21388757
AC011405.1,11576,AC011405.1,True,4,0.0037313163066385454,1.5923525416089253,-0.04797947
AC011379.1,11610,AC011379.1,True,4,0.0009737313499433703,1.224736990179032,-0.23024003
HBEGF,11612,HBEGF,True,9,0.11496425992605182,2.3259134366669647,1.2027556
CD14,11625,CD14,True,6,0.006828743080794073,1.9718955643775136,0.7485799
VTRNA1-3,11637,VTRNA1-3,True,3,0.15476493043076867,2.097659917633196,0.8222596
PCDHA3,11641,PCDHA3,True,5,0.004682453610443882,1.6504482333686803,0.08390479
PCDHAC2,11656,PCDHAC2,True,3,0.012863926427220278,1.974039002404797,0.6239578
PCDHGB5,11701,PCDHGB5,True,4,0.0008105843922742275,1.177812417232271,-0.2811224
IL17B,11808,IL17B,True,5,0.007090763348543433,2.0344673918282625,0.7214815
AC131025.2,11811,AC131025.2,True,5,0.0011668338988952318,1.4655314812470912,0.15509301
SPARC,11858,SPARC,True,14,1.6573448955077512,2.637931163428847,1.714384
LINC01933,11868,LINC01933,True,7,0.016153183575799788,2.103287713462228,0.8218536
HAND1,11881,HAND1,True,16,0.7860416341378474,2.4196406365606857,2.1799388
AC026688.2,11882,AC026688.2,True,7,0.11037444324397427,2.2080451455169094,1.1325939
PTTG1,11949,PTTG1,True,5,1.3450095620941005,2.228008197821223,0.9512007
SLIT3,11990,SLIT3,True,3,0.20675964242080735,2.1226292429601257,0.9183206
RPSAP71,12013,RPSAP71,True,4,0.0007729237361036974,1.2460607191844577,-0.25554675
RPL10P8,12014,RPL10P8,True,3,0.01347058454861405,2.0403494068723975,0.7065051
AC011407.1,12023,AC011407.1,True,5,0.001519061820734497,1.3637186240999035,0.13240041
NKX2-5,12043,NKX2-5,True,10,0.15995024277775569,2.2764074545155357,1.1994503
SUMO2P6,12057,SUMO2P6,True,4,0.00165274420473484,1.602158266239954,0.11283383
PDLIM7,12117,PDLIM7,True,7,0.4880931561425559,2.08183377446677,0.91363114
AC139795.3,12122,AC139795.3,True,5,0.0018733531484173517,1.4592882633854054,-0.09078647
PIGFP1,12149,PIGFP1,True,4,0.005181227091706148,1.8939739321932085,0.4896765
AC104117.2,12156,AC104117.2,True,3,0.02270643174318458,2.0470296570480886,0.7267162
BTNL9,12205,BTNL9,True,4,0.01185918569530322,1.8849211170392528,0.48371196
FOXF2,12239,FOXF2,True,5,0.010032523666020114,1.9396012951933848,0.54870623
SERPINB9,12256,SERPINB9,True,6,0.5316400493124132,2.1067670238624068,1.0914263
HTATSF1P2,12261,HTATSF1P2,True,4,0.0025000916423551073,1.5874668467335615,-0.0136004165
TUBB2A,12268,TUBB2A,True,3,0.9472067253190012,2.133380029378345,0.803553
TUBB2B,12271,TUBB2B,True,8,1.412663214326272,2.3709115633469233,1.2228757
AL391422.1,12278,AL391422.1,True,4,0.001961826275515838,1.6863537550922274,0.15845191
AL138831.1,12286,AL138831.1,True,4,0.002635533214647459,1.7706824770016867,0.2657782
LY86-AS1,12316,LY86-AS1,True,4,0.0007841704039326876,1.4843368988096344,0.21106647
CAGE1,12328,CAGE1,True,5,0.003189192496069725,1.7654728331240592,0.41778666
DSP,12336,DSP,True,6,1.586693713058936,2.350623138531169,1.0865965
AL355499.2,12345,AL355499.2,True,4,0.0007262113032328203,1.0206494363045415,0.17662191
MRPL48P1,12357,MRPL48P1,True,4,0.0057210196742540805,1.931012043369253,0.5615104
EDN1,12387,EDN1,True,15,0.15650860139075284,2.5863815856389145,2.0467088
AL023583.1,12402,AL023583.1,True,4,0.004641303764835534,1.7306068022956647,0.20000972
RNF182,12403,RNF182,True,3,0.016428043800800995,1.9936106056754224,0.6406366
AL021407.2,12422,AL021407.2,True,4,0.0010383582101937874,1.315798532168489,-0.20662877
AL009031.1,12427,AL009031.1,True,4,0.05347929261178566,2.0595289129553236,0.7522965
CAP2,12436,CAP2,True,8,0.5332715194434797,2.1234216492594653,1.1326164
KRT18P38,12455,KRT18P38,True,4,0.01700512443347953,1.8947137139270773,0.48803318
SOX4,12470,SOX4,True,3,1.8275739232958133,2.341499744255354,0.72158283
PRL,12477,PRL,True,4,0.00268060541269706,1.3284796665261362,0.41807455
KIAA0319,12491,KIAA0319,True,5,0.007839438833819217,1.977985316722833,0.62551403
AL133268.1,12506,AL133268.1,True,4,0.003591285641249753,1.6429444976202507,0.0768125
HIST1H1A,12521,HIST1H1A,True,7,0.23166278278002048,2.1813951071089406,1.1094872
HIST1H1C,12530,HIST1H1C,True,8,0.5750393140369182,2.084340476634685,0.9665059
HIST1H4C,12532,HIST1H4C,True,19,2.9894267312243974,3.373878585652291,2.5104275
HIST1H1E,12536,HIST1H1E,True,18,1.6651703364890464,2.716418481410338,2.3207033
HIST1H1D,12551,HIST1H1D,True,19,2.213148865878266,3.1545011144865756,2.6179044
BTN3A2,12560,BTN3A2,True,3,0.10966306019961933,2.4998882847377395,2.6446776
AL513548.4,12573,AL513548.4,True,5,0.0008988297303178537,1.3415803505732768,0.23813792
ZNF603P,12633,ZNF603P,True,6,0.0034625217004757764,1.87958555757084,0.586522
GPX5,12652,GPX5,True,5,0.002745046630474478,1.7867462272603334,0.4591843
IFITM4P,12689,IFITM4P,True,3,0.013475268022569577,1.997733392297089,0.6414535
RPL7P4,12743,RPL7P4,True,3,0.03792732169087803,1.991906049572411,0.6382656
IER3,12751,IER3,True,3,0.5891757920460976,2.067535592923035,0.866551
AL662844.4,12769,AL662844.4,True,4,0.0050684901544030625,1.9217951876295611,0.54067934
LTB,12795,LTB,True,5,0.0068272939805539045,1.919749095556563,0.5327368
TNXB,12845,TNXB,True,4,0.001333424594685093,1.5462566094848684,-0.12574245
COL11A2,12894,COL11A2,True,5,0.012969158186116292,2.071275136119693,0.7590882
MYL8P,12911,MYL8P,True,4,0.0033602962951000937,1.7506250579051479,0.25291142
AL031577.1,12945,AL031577.1,True,5,0.008802765432751403,1.9568724963813262,0.6040513
CPNE5,13003,CPNE5,True,3,0.02884011416042561,2.135673814080396,0.87981695
AL589655.1,13028,AL589655.1,True,4,0.0011994312017278446,1.6137889815762922,0.025029792
FOXP4-AS1,13062,FOXP4-AS1,True,4,0.018343740535842396,1.987117580730425,0.64128286
RN7SL403P,13109,RN7SL403P,True,4,0.0011384238546472084,1.4446657574006134,-0.09967832
POLH-AS1,13139,POLH-AS1,True,4,0.004849684270798275,1.7854862915831349,0.3202114
CLIC5,13174,CLIC5,True,5,0.029871023516312538,2.077548119266594,0.7910941
TDRD6,13183,TDRD6,True,4,0.0037069138951474657,1.7435749251990083,0.21489666
ADGRF2,13192,ADGRF2,True,5,0.0014250597920335024,1.5953095080358153,0.38098177
EEF1A1P42,13200,EEF1A1P42,True,4,0.008898428256792558,1.9888654299082276,0.6356622
GSTA1,13229,GSTA1,True,6,0.006088020185179309,1.932124434706274,0.5200612
7SK.4,13233,7SK.4,True,6,0.003139163154647704,1.7224752370427154,0.20924054
AL512378.1,13237,AL512378.1,True,5,0.0015011963552482236,1.508228441774761,-0.22828774
RPL31P33,13243,RPL31P33,True,4,0.001033786511672901,1.0856341382482315,-0.5919701
KRASP1,13258,KRASP1,True,6,0.004351851651154054,1.8201693144975823,0.36801672
BMP5,13263,BMP5,True,13,0.35619484035574717,2.277367481258724,1.8553579
COL21A1,13265,COL21A1,True,6,0.1657855836080211,2.253645200136341,1.2866492
FKBP1C,13301,FKBP1C,True,3,0.017202580530526916,1.9942163158499282,0.658338
COL19A1,13329,COL19A1,True,5,0.0025939734385893062,1.7345776875864767,0.30610397
AL589935.1,13342,AL589935.1,True,4,0.006028212783758307,1.7026829425202759,0.17167819
OGFRL1,13344,OGFRL1,True,3,0.1659419863533452,2.024898166434118,0.8857092
RIMS1,13349,RIMS1,True,5,0.09962996480977172,2.1309239755636993,1.0281943
RPS27P15,13377,RPS27P15,True,4,0.0030538247499341795,1.7487324935117023,0.21894816
FILIP1,13387,FILIP1,True,15,0.5497504698891321,2.4800347737688484,2.9482646
AL445465.1,13389,AL445465.1,True,4,0.004580541136181758,1.6943676465591313,0.41896465
AL355612.1,13402,AL355612.1,True,5,0.002350799527618761,1.5516520020532774,-0.06959365
AL451064.1,13419,AL451064.1,True,5,0.0025363286180158664,1.782419926919214,0.30907556
AL391416.1,13450,AL391416.1,True,4,0.006600859090439194,1.9107414380682772,0.4994658
PRSS35,13451,PRSS35,True,15,0.35564366608020315,2.4838137642404674,2.6142278
SNAP91,13452,SNAP91,True,4,0.005673418065029588,1.9104518987952162,0.47532392
CGA,13486,CGA,True,6,0.006387877458941406,1.9939286606817073,0.779408
PNRC1,13513,PNRC1,True,3,0.6653733843698412,2.064068616885602,0.6812251
AL353135.2,13516,AL353135.2,True,4,0.007287439627053492,1.978921419364488,0.60396326
EPHA7,13548,EPHA7,True,3,0.1595199061921868,2.15824919319242,0.97216123
PRDX2P4,13586,PRDX2P4,True,4,0.0018551393610789196,1.433552909970328,-0.29676303
RN7SL47P,13615,RN7SL47P,True,5,0.0011076958299041189,1.5348610082677074,0.15505211
AL445189.2,13653,AL445189.2,True,6,0.00319450761208483,1.8638331684198934,0.44775987
AL390208.1,13655,AL390208.1,True,4,0.002015229877890592,1.8858429417657732,0.45572424
METTL24,13674,METTL24,True,4,0.0013500220485982953,1.6576423682169836,0.24701454
LAMA4,13707,LAMA4,True,5,0.04322669409918221,2.1444560198299643,0.8910026
MARCKS,13719,MARCKS,True,4,1.2976505934360005,2.178589476959721,0.71864754
CALHM5,13744,CALHM5,True,4,0.0012760315635852025,1.3957853313754567,-0.04256936
RFX6,13752,RFX6,True,4,0.00142530991108285,1.3289582443633323,-0.049782287
PLN,13765,PLN,True,18,0.4461082984157066,2.7961704435987063,4.0619717
HMGB3P18,13785,HMGB3P18,True,5,0.0019191201413811074,1.6687391847161104,0.11991654
TRDN,13799,TRDN,True,8,0.47336971294390623,2.2115624061967014,1.4270989
TRDN-AS1,13800,TRDN-AS1,True,4,0.001111990246121208,1.477923527615515,0.2052316
RNA5SP216,13815,RNA5SP216,True,4,0.0013575943802295743,1.4373614242734147,-0.13055767
RSPO3,13823,RSPO3,True,19,0.3804292598528387,2.442609236710031,2.3881135
SMLR1,13851,SMLR1,True,6,0.003049100079468882,1.519648769252318,0.43813872
SELENOKP2,13862,SELENOKP2,True,4,0.0048952942997486345,1.8119797725474631,0.36028254
CCN2,13866,CCN2,True,17,0.49839429621878883,2.821419092478136,4.81545
TARID,13887,TARID,True,3,0.019579719718231834,2.071202883721107,0.77107966
FTH1P26,13889,FTH1P26,True,4,0.0005623177729480187,0.8728856295423958,-0.37827608
TCF21,13890,TCF21,True,4,0.11438168446790031,2.145031098730862,0.8884018
SGK1,13895,SGK1,True,4,0.04432485010336966,1.955026437020472,0.5836643
AL049552.1,13909,AL049552.1,True,4,0.0033369063966408713,1.68236587509066,0.13792889
CITED2,13965,CITED2,True,9,0.47545434428574646,2.0882555168987933,0.93228334
AL136116.1,13989,AL136116.1,True,3,0.008972614375978542,1.9977929429197439,0.6390252
PHACTR2,13997,PHACTR2,True,5,0.8407821895840426,2.1295290061703485,0.89171296
PLAGL1,14003,PLAGL1,True,4,0.21844269990850304,2.1920687785328905,1.1317884
HYMAI,14004,HYMAI,True,3,0.019317479334126635,2.0671631882590535,0.7551357
STXBP5-AS1,14029,STXBP5-AS1,True,4,0.0033077123630869056,1.9015439458672254,0.48510066
CYP51A1P3,14036,CYP51A1P3,True,4,0.0020822142908877503,1.44110920768446,-0.11694681
ZC3H12D,14044,ZC3H12D,True,5,0.001295834471709405,1.6079461329136273,0.091498844
AKAP12,14085,AKAP12,True,12,1.544198805764655,2.4635164760589916,1.3727369
OPRM1,14109,OPRM1,True,4,0.0008458913156413854,1.351518139838397,-0.2660532
AL355297.3,14127,AL355297.3,True,4,0.0010074207423966409,1.164305047388175,-0.5694367
EZR,14158,EZR,True,12,1.7587409811595698,2.50638982835808,1.2459427
AL139393.1,14199,AL139393.1,True,5,0.002202593008164724,1.755438726196435,0.23003167
MIR3939,14240,MIR3939,True,4,0.0007775528561686883,1.1333746260289292,-0.23596147
AL353747.4,14246,AL353747.4,True,7,0.5684525082556651,2.029440531677592,0.7468023
SMOC2,14268,SMOC2,True,3,0.1706301943405617,2.1750017023086756,1.0357279
CCNB2P1,14439,CCNB2P1,True,4,0.005327312641031268,1.894919988094631,0.49596304
THSD7A,14463,THSD7A,True,3,0.11527862158143305,2.186184831471028,0.9678544
SOSTDC1,14490,SOSTDC1,True,4,0.010106735899862268,1.8116942998103867,0.3469723
FCF1P1,14570,FCF1P1,True,6,0.0018338037396881802,1.8322359820020815,0.41730472
NPY,14577,NPY,True,15,0.2931893506428583,2.5534722558752443,2.9464812
TRIL,14642,TRIL,True,4,0.023397933427641234,2.0736152848077727,0.7622985
AC005154.3,14677,AC005154.3,True,5,0.0009514177443486203,1.4500735300860979,0.16361743
AC008080.4,14716,AC008080.4,True,5,0.012032694332056015,1.9993166514884306,0.62745535
RPL7P31,14721,RPL7P31,True,4,0.007439860471149492,1.8391803354087164,0.40620762
NCAPD2P1,14722,NCAPD2P1,True,4,0.0014521711007979797,1.5848187547930437,-0.010244158
AC005400.1,14724,AC005400.1,True,4,0.003871087036071039,1.79046555957802,0.43717554
TBX20,14727,TBX20,True,3,0.013901046284770461,2.01298529156306,0.66704404
AC018647.1,14732,AC018647.1,True,5,0.025514456709056995,2.1044718220131062,0.83853763
SEPTIN7,14735,SEPTIN7,True,4,2.393067550621084,2.496389423065677,0.79838616
SEPTIN7P3,14737,SEPTIN7P3,True,4,0.00389054572854588,1.8129826368034072,0.35078248
SFRP4,14758,SFRP4,True,6,0.0024254195947557384,1.9272818226241388,0.52837956
AC006033.1,14762,AC006033.1,True,4,0.0020840227095263826,1.7512572708101393,0.22867255
KRT8P20,14775,KRT8P20,True,5,0.0028055586279332875,1.831454539176387,0.3836069
AC011290.1,14780,AC011290.1,True,4,0.0006262116843506962,1.1609488783855415,0.2219027
INHBA,14797,INHBA,True,13,0.07536951626332695,2.394701322551773,1.3168803
POLR2J4,14822,POLR2J4,True,4,0.003640090194943929,1.7727715857203103,0.2991603
AC004951.4,14823,AC004951.4,True,4,0.00281577820742093,1.7831115422353374,0.30752504
LINC00957,14830,LINC00957,True,5,0.0020833170122954783,1.6916247118246177,0.34086946
MYL7,14837,MYL7,True,19,2.184882420972424,4.559344214679909,5.498769
CAMK2B,14840,CAMK2B,True,3,0.006196489853219765,2.0209035090970824,0.69286734
AC004938.1,14843,AC004938.1,True,4,0.004364914682883292,1.7410886422938134,0.23983727
IGFBP3,14870,IGFBP3,True,19,0.6025537738698357,2.903594048626303,4.7732043
TUBBP6,14928,TUBBP6,True,4,0.009163457158696792,2.0012671919531386,0.65812236
AC092647.1,14936,AC092647.1,True,4,0.0022367197426777148,1.680843779913446,0.106261455
NMD3P2,14957,NMD3P2,True,4,0.000627162660591929,1.078297382603741,-0.4766167
EEF1DP4,15016,EEF1DP4,True,7,0.006267164057998525,2.042915891422185,0.7224244
AC068533.2,15042,AC068533.2,True,4,0.0021888684486893128,1.6343761016653269,0.079810746
TRIM50,15103,TRIM50,True,4,0.0006897450465878074,1.1626025359744425,-0.4671666
HSPB1,15174,HSPB1,True,18,1.4337708525346229,2.626299696019325,2.1535676
UPK3B,15180,UPK3B,True,5,0.03415480542556022,1.9546870076225504,0.5873575
AC004980.2,15186,AC004980.2,True,4,0.0013459520191500855,1.2884829493981362,0.01627321
DTX2P1-UPK3BP1-PMS2P11,15187,DTX2P1-UPK3BP1-PMS2P11,True,4,0.004034708307658188,1.7848441184866546,0.2789338
MAGI2-AS3,15214,MAGI2-AS3,True,13,0.37894566564274446,2.25925765364918,1.6692941
SNRPBP1,15218,SNRPBP1,True,5,0.003374397379154711,1.7728646066300693,0.2787807
HGF,15222,HGF,True,7,0.020338786917100175,2.1236927053173718,0.8723531
DYNLL1P7,15241,DYNLL1P7,True,6,0.006993097060333353,1.9954533305269095,0.6839012
AC005009.1,15243,AC005009.1,True,5,0.0015020974179960546,1.6279986089261416,0.19356908
Y-RNA.331,15251,Y-RNA.331,True,4,0.0026122771689287964,1.8051506190539504,0.30710647
HNRNPA1P9,15258,HNRNPA1P9,True,5,0.004686470113590069,1.8936581872894978,0.47547883
KPNA2P2,15270,KPNA2P2,True,5,0.008057210407811502,1.9408625527201626,0.5609066
AKAP9,15294,AKAP9,True,3,1.4117976191255284,2.257546561366104,0.92156994
CDK6,15310,CDK6,True,8,0.5143995971738178,2.1217193182089975,1.1464778
AC000065.1,15312,AC000065.1,True,4,0.004762189142992787,1.8611923985640944,0.3898021
TFPI2,15324,TFPI2,True,13,0.1985078792896246,2.470611193374754,1.4553369
GNG11,15327,GNG11,True,8,0.27986473004224344,2.2189372105105973,1.3590628
COL1A2,15334,COL1A2,True,19,1.404910574658049,2.7646463480643386,2.803298
PEG10,15337,PEG10,True,11,0.6768769353599682,2.2092404878646645,1.5434116
DLX6-AS1,15356,DLX6-AS1,True,5,0.0012250590939965594,1.363312744017479,-0.025961258
OR7E7P,15367,OR7E7P,True,5,0.0015162510639918955,1.7780232037928758,0.44285733
PVRIG,15436,PVRIG,True,4,0.001788500739780711,1.65381881668231,0.09757855
C7orf61,15449,C7orf61,True,4,0.003262849948303688,1.6917832405363733,0.15362146
IRS3P,15455,IRS3P,True,4,0.018244177378451094,2.0700767222417236,0.7734996
SAP25,15456,SAP25,True,4,0.003971555390313665,1.5816077432381288,-0.017433729
PCOLCE,15461,PCOLCE,True,9,0.4701688273007184,2.128425789327956,1.2299476
SERPINE1,15484,SERPINE1,True,6,0.03317697806258273,2.1551899944266264,0.90173364
SH2B2,15509,SH2B2,True,7,0.0037453060781457706,1.7520997415929425,0.21886815
AC091390.2,15511,AC091390.2,True,4,0.008194465931271055,1.5966734964901963,0.27772826
POLR2J2,15529,POLR2J2,True,4,0.0069393707466778145,1.894228651748934,0.6294488
DPY19L2P2,15543,DPY19L2P2,True,4,0.006433241045054974,1.8840152947750735,0.58357704
LAMB1,15605,LAMB1,True,4,0.5733915211136154,2.0625226280504663,0.8123643
LAMB4,15608,LAMB4,True,6,0.0016524697662857381,1.594825243274799,0.1385807
LRRN3,15626,LRRN3,True,15,0.24684530585829623,2.4319508070058538,1.8942919
AC018464.1,15642,AC018464.1,True,4,0.0027541477849929706,1.5288459747595298,0.30060145
WNT2,15672,WNT2,True,10,0.07352651002338466,2.297802784041542,1.1569115
CTTNBP2,15675,CTTNBP2,True,7,0.29560220157759826,2.1211650838208795,1.114111
CPED1,15686,CPED1,True,3,0.08766074699520687,2.143695659288823,0.8930743
AASS,15692,AASS,True,5,0.8013404423715883,2.128658936976687,0.9366606
AC006020.1,15694,AC006020.1,True,6,0.0025537793244240496,1.6368615636405335,0.32122993
LMOD2,15707,LMOD2,True,11,0.030026603994027817,2.2551254160461656,1.0751568
SND1-IT1,15742,SND1-IT1,True,4,0.006533897124619184,1.788079872169318,0.27808893
CPA1,15814,CPA1,True,5,0.016238573304325824,1.9989560003561413,0.6409113
MEST,15818,MEST,True,10,0.969574633894949,2.2916935147164312,1.5298982
LINC00513,15832,LINC00513,True,4,0.0017710190476290864,1.559914337829429,-0.08955508
LINC-PINT,15836,LINC-PINT,True,5,0.005263825030648405,1.906521861996128,0.54279035
PODXL,15841,PODXL,True,4,0.6694698771765886,2.0387250003400745,0.48101172
AKR1B15,15862,AKR1B15,True,5,0.023705981679221746,2.0511307084903168,0.74407023
CALD1,15864,CALD1,True,15,2.0629309328936345,2.8643548154169522,1.9231094
AC083870.1,15865,AC083870.1,True,4,0.002483390325355955,1.663641077346992,0.20344992
AC078845.1,15884,AC078845.1,True,5,0.007453180995575583,1.9211275551789517,0.54369074
CHRM2,15887,CHRM2,True,5,0.0914770192525938,2.2070377849809106,1.0013155
PTN,15890,PTN,True,19,0.9947267395498285,2.5025406820807192,2.8076086
DGKI,15893,DGKI,True,16,0.3735434177475638,2.494451999554758,2.9252982
AC009263.1,15897,AC009263.1,True,4,0.0031801354913806074,1.7180666844318369,0.1766861
AC013429.1,15907,AC013429.1,True,4,0.0010911802537904554,1.5385440508166421,-0.07005045
TBXAS1,15931,TBXAS1,True,4,0.01595820515238695,1.9765252147825554,0.604894
CCT4P1,15948,CCT4P1,True,4,0.0007974243564039486,1.160139810550281,-0.33053696
PRSS2,15979,PRSS2,True,5,0.0028435356338744554,1.3264539691417148,0.12381442
CNTNAP2,16037,CNTNAP2,True,5,1.1246017835927362,2.234077294388461,1.0641285
ATG9B,16113,ATG9B,True,4,0.012428021425370866,1.9213989171713386,0.51386
AC010973.1,16115,AC010973.1,True,4,0.0019270901052359853,1.5678293264610756,-0.055462267
CCT8L1P,16150,CCT8L1P,True,4,0.000698539024820887,1.1338801704519808,-0.35442168
WDR60,16198,WDR60,True,4,0.6374479807571289,2.065673207901306,0.7640887
LINC00689,16199,LINC00689,True,4,0.001824055681193274,1.7730336251200007,0.24979253
KBTBD11-OT1,16225,KBTBD11-OT1,True,5,0.00412733283355864,1.6739545193049692,0.09017956
MYOM2,16228,MYOM2,True,4,0.014779507154013844,1.8730530224176591,0.54691845
ANGPT2,16244,ANGPT2,True,5,0.10081266556735714,2.2357733854579664,1.0363759
AC105233.1,16271,AC105233.1,True,5,0.0010896863866189427,1.0942668561784032,-0.0028426654
AC104964.4,16303,AC104964.4,True,4,0.0013552398109465897,1.4818297708852066,0.19203565
AC011008.2,16310,AC011008.2,True,4,0.0029494201319742604,1.796287359552056,0.30848098
AC022239.1,16331,AC022239.1,True,4,0.001442235100120674,1.6399873499231739,0.22565858
CTSB,16339,CTSB,True,16,0.6586217270881081,2.2593663934378636,1.8909268
AC025857.2,16340,AC025857.2,True,5,0.0018402676361809062,1.5946862668420447,0.1501112
AC107918.6,16342,AC107918.6,True,4,0.002960509749056521,1.8893096082628706,0.47311595
AC018437.1,16376,AC018437.1,True,4,0.002747762835402263,1.4612649746714232,-0.23816738
TMEM97P2,16423,TMEM97P2,True,6,0.003937075181404368,1.94201748042651,0.6020165
FGF17,16430,FGF17,True,4,0.042497101476928645,2.0155550122957413,0.66820055
PEBP4,16459,PEBP4,True,5,0.0037260185095379576,1.8451736052142684,0.40777054
AC104561.4,16479,AC104561.4,True,4,0.0038192740594707323,1.6739444285314082,0.115028374
NKX3-1,16483,NKX3-1,True,6,0.1131843640778678,2.2324860173247334,1.0353378
ADAM28,16491,ADAM28,True,3,0.08105558666888371,2.195650559697342,0.97890294
NEFM,16494,NEFM,True,4,0.3193422327021562,2.1716732541680446,1.5411323
EBF2,16505,EBF2,True,3,0.03585896470050765,2.031693632231619,0.69635814
STMN4,16519,STMN4,True,5,0.0010266497574341136,1.3060925705383262,0.009816204
PNOC,16536,PNOC,True,5,0.008000323175323579,2.055881625770134,0.79798096
AC025871.2,16540,AC025871.2,True,4,0.000815402929101528,1.3185308883783369,0.07272684
AC108449.2,16553,AC108449.2,True,4,0.001928772228886782,1.5974215148992137,-0.0037521808
AC109329.1,16577,AC109329.1,True,4,0.0033705163826707237,1.8407781394348006,0.41468439
NRG1,16599,NRG1,True,3,0.11081465717689128,2.070617422699081,0.756152
AC104027.1,16603,AC104027.1,True,5,0.003995731092822935,1.8406321718016925,0.42322752
LINC01605,16633,LINC01605,True,4,0.0011859453833498205,1.3994453323733729,0.24330112
AC124067.2,16634,AC124067.2,True,4,0.02045794823772024,2.076170584667539,0.77343124
RAB11FIP1,16644,RAB11FIP1,True,3,0.567749668969929,2.0596563496896767,0.77977353
AP006545.3,16651,AP006545.3,True,3,0.007623189885998215,2.0124205536775013,0.66212666
AP006545.2,16652,AP006545.2,True,3,0.004493994252167374,1.8966605651748047,0.6315827
STAR,16655,STAR,True,5,0.06744255369059789,2.171918820707886,0.9419638
TCIM,16697,TCIM,True,4,0.011531681718728773,1.9134046070417297,0.50627786
SFRP1,16700,SFRP1,True,16,1.2152662095020403,2.5083832851464756,2.1887045
KRT18P37,16704,KRT18P37,True,5,0.028826320477230463,2.077954811838999,0.78247285
AC103724.4,16715,AC103724.4,True,5,0.0014278121525037656,1.3868489313724748,-0.19704972
PLAT,16718,PLAT,True,14,0.33609882634744237,2.404290871006306,2.6050534
DKK4,16723,DKK4,True,16,0.295876336391653,2.904335103816823,3.7532887
AC024451.3,16761,AC024451.3,True,5,0.00453225053201923,1.8201411909124336,0.3212932
SNTG1,16780,SNTG1,True,4,0.006689412194401142,1.523020337771675,-0.16168916
BTF3P1,16784,BTF3P1,True,4,0.0018476299212300108,1.7307975359215357,0.23027635
PENK,16836,PENK,True,14,0.05885502073190073,2.635856047037673,1.7353063
AC012349.1,16837,AC012349.1,True,5,0.005885917719460423,1.785225894207133,0.4238936
AC011978.2,16899,AC011978.2,True,4,0.004452561508631324,1.7647343721764273,0.28448004
IFITM8P,16900,IFITM8P,True,5,0.00580855660036472,2.0334375163667495,0.7232234
AC090136.1,16908,AC090136.1,True,6,0.0034681932618985944,1.8618248713750265,0.41397077
RPL31P41,16912,RPL31P41,True,4,0.0035618102718888785,1.79728852801556,0.33484608
TRIM55,16923,TRIM55,True,17,0.3585796030371579,2.483700224001255,2.474581
PPP1R42,16939,PPP1R42,True,5,0.0043592333640581436,1.9495227100463524,0.5726995
RPL31P40,16955,RPL31P40,True,5,0.0018413644451749673,1.747083912545195,0.25612158
SULF1,16962,SULF1,True,8,0.13938332318930813,2.24256461201976,1.066437
TERF1,16998,TERF1,True,10,1.4816189928633865,2.402291065077215,1.4042659
C8orf89,17003,C8orf89,True,5,0.006454319755839763,2.0508048414139495,0.71392787
RPL7,17005,RPL7,True,4,0.3098424096206096,1.9885391518685203,0.78396446
ZFHX4-AS1,17041,ZFHX4-AS1,True,4,0.008395323540852536,1.7801167960995976,0.4245748
ZFHX4,17043,ZFHX4,True,3,0.1197291711550377,2.032427936551178,0.79803103
PKIA,17047,PKIA,True,6,0.30439437535281316,2.116458525668694,1.1724666
AC068700.1,17048,AC068700.1,True,4,0.0016195798481121668,1.3734052594533335,-0.24607046
ZC2HC1A,17050,ZC2HC1A,True,8,0.4947101398907339,2.090610528246333,1.0169145
STMN2,17056,STMN2,True,13,0.10567872443300133,2.5706644825423535,2.078805
HEY1,17057,HEY1,True,11,0.1955928323885842,2.280081116926706,1.1322137
AC015522.1,17107,AC015522.1,True,3,0.023798679104334537,2.072326382649055,0.7755559
ATP6V0D2,17125,ATP6V0D2,True,3,0.017854652475108746,1.9980835900080474,0.64829713
PIP4P2,17166,PIP4P2,True,3,0.3327759845938015,2.012646800885426,0.67606646
RUNX1T1,17177,RUNX1T1,True,8,0.6162660697094922,2.1240306011023207,1.1051003
AC010834.3,17192,AC010834.3,True,4,0.0045393776496503715,1.694720736406478,0.17511374
RPL34P18,17202,RPL34P18,True,4,0.33444565887160727,2.0814970933878065,1.0766522
GEM,17206,GEM,True,3,0.025284684084713082,2.0008280222209818,0.66413045
AC023632.2,17212,AC023632.2,True,4,0.00915118254747505,1.9537367836004804,0.5673391
AC007992.1,17239,AC007992.1,True,5,0.0011748728923388345,1.3964136894886499,-0.09111463
NIPAL2,17266,NIPAL2,True,5,0.010409246621506874,1.9391277154521604,0.54472566
AC018781.1,17301,AC018781.1,True,4,0.0016522438869054233,1.7106641215979044,0.30578104
AP001330.1,17305,AP001330.1,True,4,0.005546311928757507,1.9080215453984035,0.50307596
AP001207.2,17310,AP001207.2,True,4,0.009373238367702211,1.9246436265268017,0.5533896
AP002907.1,17319,AP002907.1,True,4,0.0014696557078414181,1.457072451545273,-0.2378903
GASAL1,17326,GASAL1,True,5,0.003901734448117485,1.7891585167151431,0.276526
BAALC,17336,BAALC,True,3,0.09116580633801216,2.137376102384587,0.8777269
NDUFA5P2,17358,NDUFA5P2,True,4,0.000883650964026542,1.2873010634666777,-0.25173947
ZFPM2-AS1,17363,ZFPM2-AS1,True,4,0.0013459697275197454,1.3022531010533271,0.04822471
HMGB1P46,17373,HMGB1P46,True,4,0.0018779550731849188,1.5160987713411584,-0.14677425
ANGPT1,17375,ANGPT1,True,17,0.2623573213765488,2.4730603848257635,2.0307088
RSPO2,17377,RSPO2,True,12,0.08175103508083034,2.3088080946745486,1.3042026
SYBU,17395,SYBU,True,5,0.003874731144847115,1.7338958795240547,0.22384697
TNFRSF11B,17428,TNFRSF11B,True,5,0.11309069818437811,2.1283623797906697,0.85129875
COL14A1,17445,COL14A1,True,4,0.21348314146167557,2.1482146133860884,1.0686166
HAS2,17454,HAS2,True,19,0.8646366839378735,2.631681957392398,3.5962777
ATAD2,17478,ATAD2,True,4,0.5142175420891831,2.0330914160189177,0.6846203
FBXO32,17484,FBXO32,True,4,0.100936882045809,2.230504378361328,1.0408212
MTSS1,17499,MTSS1,True,3,0.09114002449419827,2.09995536671625,0.8199891
AC104257.1,17553,AC104257.1,True,7,0.28560332370768005,2.157545823073482,1.2695732
ST3GAL1,17573,ST3GAL1,True,5,0.23655716747001782,2.116582429333988,0.93842566
AC110741.1,17578,AC110741.1,True,4,0.0010893148741578425,1.4846041068990021,0.31461263
COL22A1,17592,COL22A1,True,3,0.051811241348262545,2.1074902305369423,0.82403964
AC011676.5,17610,AC011676.5,True,5,0.0021919964592330135,1.6156891850063944,0.009369614
C8orf31,17641,C8orf31,True,5,0.02046486472582084,2.0705306117000872,0.75835735
LY6H,17645,LY6H,True,5,0.039977088215017456,2.090349599111259,0.80434287
AC105118.1,17654,AC105118.1,True,4,0.0013252551819379014,1.4871183071987024,-0.060919594
AC105219.1,17672,AC105219.1,True,4,0.005137522058793495,1.7237616849628266,0.1764742
WDR97,17697,WDR97,True,5,0.002714216274819582,1.7197461373300456,0.20682217
TMED10P1,17745,TMED10P1,True,4,0.002909061012003095,1.7974202830219497,0.30636123
GPS2P1,17781,GPS2P1,True,4,0.00221099729185675,1.7709135313981648,0.30097947
LINC01231,17784,LINC01231,True,5,0.0007157970551220562,1.1677233020024236,-0.3077432
MTCO1P11,17809,MTCO1P11,True,5,0.0026791601361245846,1.663100006496178,0.11292278
INSL6,17816,INSL6,True,5,0.0008620288225062773,1.2239281996328089,-0.22651267
PTPRD,17859,PTPRD,True,4,0.35051029759643754,2.058986394650041,0.82143843
RPS26P3,17863,RPS26P3,True,4,0.0013877206142864425,1.401785774019211,-0.2325104
LURAP1L-AS1,17872,LURAP1L-AS1,True,4,0.0025917877946243007,1.608667361203717,0.31255773
CER1,17890,CER1,True,19,0.5680266568658403,3.681579499447121,8.100622
CLCN3P1,17894,CLCN3P1,True,3,0.015332623873199093,1.9954012277376194,0.63220596
BNC2,17907,BNC2,True,3,0.209194974643279,2.0513466474769215,0.8096574
MLLT3,17940,MLLT3,True,5,0.2774221735791887,2.1395828904108503,0.96371454
CDKN2B,17955,CDKN2B,True,7,0.0543755463819484,2.2286029865836774,1.0422852
AL353746.1,17989,AL353746.1,True,4,0.002716207505918488,1.7240145277402585,0.24604005
KRT18P36,17996,KRT18P36,True,5,0.007096912841367907,2.0654276886209986,0.7732113
SLC25A5P8,18001,SLC25A5P8,True,5,0.0036246750494629606,1.8371189612590344,0.36863515
ASS1P12,18016,ASS1P12,True,4,0.0008285033706949851,1.22051301401962,-0.33081433
AL356218.2,18028,AL356218.2,True,6,0.0016018017318581762,1.6526648200228398,0.26633504
SUGT1P1,18032,SUGT1P1,True,5,0.0029473074963768005,1.788576179255051,0.2766809
CCL21,18080,CCL21,True,5,0.0022284121118979613,1.6303743469478937,0.4738693
PHF24,18085,PHF24,True,5,0.002966876610448422,1.9391462021843011,0.7203055
AL133476.1,18105,AL133476.1,True,4,0.000749711826572245,1.219386798139215,-0.107866034
TPM2,18119,TPM2,True,11,1.3599797345677542,2.3458687228276967,1.3243268
TLN1,18120,TLN1,True,4,0.7393850931650142,2.09906198368687,0.8273622
SPAG8,18128,SPAG8,True,4,0.004757088422879858,1.8731198270606266,0.4437891
AL353763.1,18198,AL353763.1,True,5,0.0039159382589594146,1.8012848798958203,0.30513442
AL354718.1,18204,AL354718.1,True,6,0.00296164134812932,1.8913466669263894,0.47073674
PGM5,18252,PGM5,True,3,0.01642721897356854,2.0378394295680655,0.7011367
ANXA1,18304,ANXA1,True,19,0.48978197247650207,2.628837202966977,3.7087436
RPSAP75,18313,RPSAP75,True,4,0.0032242472268660663,1.7674215400451854,0.26906085
CARNMT1-AS1,18317,CARNMT1-AS1,True,4,0.002742663741066255,1.7912654315162255,0.29000857
AL158154.3,18359,AL158154.3,True,4,0.0005872087255356151,1.03877649654053,-0.10673918
FRMD3,18368,FRMD3,True,3,0.04451721377683811,2.114947760560613,0.84165686
AL137847.2,18369,AL137847.2,True,4,0.0010813180193811561,1.423228391737542,-0.03416802
SLC28A3,18384,SLC28A3,True,5,0.003764641435076667,1.8726623071816042,0.43789366
NTRK2,18387,NTRK2,True,12,0.12717045998581425,2.3312407155577244,1.2133486
AL583827.1,18390,AL583827.1,True,4,0.0010659912716868517,0.9167126081468289,-0.28105953
CTSL,18419,CTSL,True,12,0.6681678946405221,2.2710236300069506,1.8640956
CKS2,18446,CKS2,True,4,1.2924104941343693,2.1411277776445767,0.63705856
GADD45G,18452,GADD45G,True,8,0.19093065693404082,2.250694306232756,1.5299371
AL158071.2,18465,AL158071.2,True,5,0.002664738511731102,1.5927561627165097,0.011978077
CYCSP24,18512,CYCSP24,True,4,0.0015882333651908635,1.407518824709485,-0.33192387
CTSV,18569,CTSV,True,17,0.8896248146083238,2.38060297121349,2.1682358
STRA6LP,18581,STRA6LP,True,4,0.0015010201528905373,1.5482797696455812,-0.070225775
TMOD1,18587,TMOD1,True,3,0.13796465947347467,2.149309729951035,0.8903719
XPA,18591,XPA,True,6,0.3789674530254763,2.087299947083791,0.8641292
AL136084.1,18613,AL136084.1,True,4,0.0010983520007813536,1.3015697775067216,-0.37550732
COL15A1,18614,COL15A1,True,4,0.0022508679471191055,1.6708821550165656,0.2427929
KRT8P11,18619,KRT8P11,True,4,0.0051351226660554345,1.867765398281928,0.43113282
AL592437.1,18675,AL592437.1,True,4,0.01168089666701414,1.9225816317318032,0.5244756
HMGN2P32,18686,HMGN2P32,True,4,0.002917626397875408,1.748821872770658,0.2477578
PALM2-AKAP2,18705,PALM2-AKAP2,True,8,0.5490037443762151,2.1263515238146495,1.1777706
LRRC37A5P,18719,LRRC37A5P,True,4,0.002415715128957928,1.5857382270282128,-0.025528993
AL138895.2,18768,AL138895.2,True,4,0.0011891083213138693,1.5382768762326993,0.062284846
TNC,18775,TNC,True,8,0.21046825033637698,2.2629153412471203,1.2487816
GGTA1P,18815,GGTA1P,True,4,0.009270628129930361,1.9031967700410741,0.6471828
MORN5,18821,MORN5,True,4,0.002710328099391512,1.9251218001280208,0.5462059
AL162584.1,18883,AL162584.1,True,7,0.011458269904093083,1.8286681071148945,0.69420964
PBX3,18886,PBX3,True,10,0.6307142167263885,2.155925306768347,1.1978207
AL162426.1,18909,AL162426.1,True,4,0.005353457587904137,1.853977293932686,0.40109783
AL157935.2,18921,AL157935.2,True,4,0.0005587350433377583,1.0465340285264175,-0.24171968
Metazoa-SRP.67,18963,Metazoa-SRP.67,True,4,0.005691572185008559,1.9086328196424833,0.5085022
C9orf106,18987,C9orf106,True,7,0.004804906473178486,2.069160617931786,0.7402445
C9orf50,18997,C9orf50,True,7,0.002313284412839309,1.7847879461518428,0.41288465
AL359092.1,19022,AL359092.1,True,5,0.003458623105721512,1.7272746150206735,0.22713043
COL5A1,19095,COL5A1,True,3,0.3751582449406375,2.0426355663501017,0.64073205
LCN1,19105,LCN1,True,5,0.007889015737205275,1.6505772612243128,0.52525026
PAEP,19107,PAEP,True,5,0.01248378637329559,1.7587555431236848,0.5206957
LCN15,19138,LCN15,True,5,0.011815857492149957,2.0655094292234715,0.7621237
TMEM141,19140,TMEM141,True,4,0.7339114571389211,2.086406696444495,0.71319515
CLIC3,19162,CLIC3,True,6,0.018869567922071527,1.9931873452617719,0.6203527
ABCA2,19163,ABCA2,True,4,0.009168214467139248,1.9564856095420626,0.576296
ANAPC2,19177,ANAPC2,True,4,0.00690311768259343,1.7959690600760811,0.32314235
TOR4A,19192,TOR4A,True,5,0.003910151673888619,1.8553804849772757,0.3915107
PNPLA7,19200,PNPLA7,True,5,0.00231768849056454,1.5988054993570573,0.02925498
Metazoa-SRP.68,19207,Metazoa-SRP.68,True,4,0.0009364662340467202,1.4010011602367052,-0.20799561
ADARB2,19228,ADARB2,True,4,0.005573822735563313,1.883947826742114,0.43805778
KLF6,19239,KLF6,True,12,0.45788023870379785,2.2268599270519864,1.8597627
LINC00702,19241,LINC00702,True,5,0.006191065163525004,2.0009050225623164,0.68033767
AKR1C1,19244,AKR1C1,True,3,0.04596468206321228,2.0433168978996386,0.7210188
GATA3-AS1,19294,GATA3-AS1,True,4,0.007370786704674661,1.949867998771077,0.7091895
KRT8P37,19297,KRT8P37,True,4,0.0021947256361670637,1.7112864309499924,0.17016159
OPTN,19327,OPTN,True,7,0.48056917674702787,2.0785869992217183,0.9485068
ITGA8,19370,ITGA8,True,6,0.21696828955220923,2.173423531755907,1.2702224
CUBN,19378,CUBN,True,4,0.0027568981556585774,1.7853440717785007,0.27466735
VIM,19381,VIM,True,18,2.4706032900709514,3.363649817848865,2.4968529
HACD1,19386,HACD1,True,11,0.4828020016987149,2.154220728860401,1.3271549
AL590032.1,19410,AL590032.1,True,4,0.0018319701830448907,1.5070154285409556,-0.1820607
NEBL,19411,NEBL,True,17,0.9769124505268268,2.913627177076235,4.187434
ARMC3,19438,ARMC3,True,4,0.002589606659446416,1.4258100334270567,-0.1458915
FAM238C,19471,FAM238C,True,4,0.0011532492715501774,1.3195495975581555,-0.14788863
ANKRD26,19472,ANKRD26,True,5,0.6434415873586747,2.0799579075451105,0.8809332
BAMBI,19495,BAMBI,True,10,0.3660972572560359,2.1864712298168656,1.3186598
SVIL,19503,SVIL,True,18,0.8112903372594488,2.3649712366400037,2.196875
AL353093.1,19505,AL353093.1,True,4,0.0026174188973655007,1.7880742273781405,0.3511318
DDX10P1,19520,DDX10P1,True,4,0.001584534978203555,1.5474903168836656,-0.067845255
IATPR,19551,IATPR,True,5,0.0011387089430662258,1.408149046116588,0.50683427
CREM,19568,CREM,True,7,0.4393516715686578,2.074563791493579,0.91686594
ATP6V1G1P4,19569,ATP6V1G1P4,True,5,0.0010062825803493244,1.4379410867140243,-0.13587244
RPL7P37,19578,RPL7P37,True,3,0.033947576157544436,2.0542208748409116,0.7495622
HSD17B7P2,19602,HSD17B7P2,True,4,0.005116208194808453,1.6149472632647286,-0.0066544027
CXCL12,19646,CXCL12,True,15,0.47243965526748377,2.3223452969526837,2.6625586
TMEM72-AS1,19648,TMEM72-AS1,True,5,0.006190663330721932,2.0438304501390276,0.7207772
FAM21FP,19666,FAM21FP,True,5,0.006360649194344846,1.7802896639408237,0.2835814
AL645998.1,19667,AL645998.1,True,4,0.001294370187539069,1.3929927722744082,-0.10827261
AGAP14P,19678,AGAP14P,True,4,0.0007665527689956959,1.1702423822483619,-0.09519303
LINC00842,19681,LINC00842,True,3,0.03770034130730531,2.058041482621852,0.7461449
GDF10,19696,GDF10,True,5,0.005671025164187003,1.808359681414242,0.47856843
RHEBP2,19709,RHEBP2,True,4,0.0025113795555569106,1.5982856151997897,0.0068247914
AC245041.1,19712,AC245041.1,True,4,0.013184101554066244,1.6099887548120417,0.42376104
AC016397.1,19719,AC016397.1,True,4,0.0006771285097780487,0.9001687627811815,-0.5008737
HMGB1P50,19728,HMGB1P50,True,4,0.003228063263539958,1.70520883287344,0.19688764
CCDC58P2,19754,CCDC58P2,True,4,0.002415286632543518,1.6349741285847632,0.019556725
DKK1,19761,DKK1,True,18,0.3105216324141015,2.6050468297389853,2.754389
AC073174.1,19765,AC073174.1,True,10,0.04678359353780066,2.266298541064021,1.1033031
LINC02672,19766,LINC02672,True,5,0.007622127238176009,1.7932343891479203,0.4887428
FAM13C,19788,FAM13C,True,6,0.1369002762390511,2.1970318286585377,1.1457168
LINC01553,19796,LINC01553,True,4,0.0014127223426395896,1.5090934827181672,-0.13669175
ANK3,19797,ANK3,True,15,0.6554288477645347,2.245246971952589,1.7657881
ARID5B,19807,ARID5B,True,16,0.4108541682961418,2.354316209681307,2.1505792
LRRTM3,19832,LRRTM3,True,6,0.00933434653055713,1.9937622514282252,0.65525824
MYPN,19845,MYPN,True,5,0.0028064807843862487,1.740246503902368,0.4985731
RPL26P29,19852,RPL26P29,True,5,0.005353798297394119,1.9253338898490864,0.53093386
SNORD98,19864,SNORD98,True,4,0.0029032783711636437,1.6364699833044047,0.031451695
TMEM256P1,19885,TMEM256P1,True,4,0.0035997899781422802,1.4643389846656387,-0.035781026
RPS25P9,19898,RPS25P9,True,4,0.0025808090930656653,1.6593807953108892,0.09988006
ADAMTS14,19909,ADAMTS14,True,4,0.0016600698703443982,1.4656968111591846,-0.0669538
RPS26P40,19910,RPS26P40,True,4,0.007858644785682994,1.957345438989421,0.58819944
UNC5B-AS1,19914,UNC5B-AS1,True,3,0.10718140449434446,2.1023900201485595,0.8364358
DDIT4,19928,DDIT4,True,6,0.4572838994391964,2.0668664544540793,0.90676653
OIT3,19940,OIT3,True,4,0.006369831890991225,1.6826897521492785,0.27497274
CFAP70,19957,CFAP70,True,3,0.023705561664276058,2.0573294249010825,0.74386257
SYNPO2L,19969,SYNPO2L,True,14,0.16934747647958534,2.3398939160782244,1.4843841
DUSP8P5,19977,DUSP8P5,True,4,0.0010068549005286815,1.5667912173505405,0.054979406
AC010997.3,20015,AC010997.3,True,5,0.0029843278810968857,1.7520290630705713,0.35964018
LINC00595,20041,LINC00595,True,3,0.015431044820393203,2.0304293580186847,0.68120754
AL132656.3,20055,AL132656.3,True,4,0.0043148520575021386,1.7626465482754856,0.23094137
LINC00858,20096,LINC00858,True,5,0.006473559232419901,1.7643853741595656,0.27645618
GRID1,20103,GRID1,True,4,0.004592804297767224,1.8423138420678997,0.5443883
LDB3,20110,LDB3,True,11,0.13983019214842143,2.334516824287685,1.201086
RPAP2P1,20113,RPAP2P1,True,7,0.0039410154931490485,1.899055128056958,0.48220307
ACTA2,20152,ACTA2,True,19,0.8175049506821795,3.154356970991367,6.669368
IFIT2,20158,IFIT2,True,5,0.005712710297836472,1.902717760152091,0.47784007
IFIT1,20163,IFIT1,True,3,0.15048339364621532,2.1517866129882033,0.90674406
ANKRD1,20182,ANKRD1,True,19,1.4842590759842709,4.101916904046204,6.6384697
CYP26A1,20211,CYP26A1,True,7,0.15823862486532625,2.272456200337431,1.3733594
PIPSL,20225,PIPSL,True,3,0.04143550238733477,2.024622918488354,0.69087195
SLIT1,20272,SLIT1,True,5,0.003132351801500924,1.7885679812680904,0.30942482
RPL7P36,20307,RPL7P36,True,3,0.04880937873546545,1.9888406533097218,0.64027524
AL133353.2,20317,AL133353.2,True,4,0.003827123577305261,1.7082867835507434,0.15643029
AL138921.1,20331,AL138921.1,True,4,0.0016208555100126335,1.7526682488778051,0.35202876
SFXN3,20355,SFXN3,True,3,0.02591761985209201,2.0636036569376315,0.7734805
AC010789.2,20367,AC010789.2,True,4,0.0005647966057397809,1.0684154512302098,-0.3284876
AL500527.1,20377,AL500527.1,True,4,0.0042389928061263415,1.9700447140911066,0.55472785
PTGES3P4,20405,PTGES3P4,True,5,0.0022083252893461275,1.6206782029196223,0.009454637
ST13P13,20416,ST13P13,True,4,0.008513405629758419,1.919300516366367,0.51618433
SORCS3,20448,SORCS3,True,6,0.0072099834957755835,2.070988897373814,0.78989106
RPL23AP59,20452,RPL23AP59,True,5,0.0033878655462706523,1.7960485364988197,0.31587163
SORCS1,20453,SORCS1,True,3,0.020050029810062767,2.068448750480974,0.76086795
AL158163.2,20480,AL158163.2,True,4,0.0019474830689007643,1.714390324400885,0.21034127
ADRA2A,20484,ADRA2A,True,4,0.004024772806634848,1.7795698181222084,0.25916374
AL592546.3,20510,AL592546.3,True,5,0.005648769911388687,1.7681080548795396,0.29761043
TOMM22P5,20560,TOMM22P5,True,4,0.003607841147766606,1.7265314473293325,0.15963495
PLPP4,20592,PLPP4,True,5,0.016883680117736534,2.0362780250408896,0.70452213
ATE1-AS1,20604,ATE1-AS1,True,3,0.03336120383859234,2.0621325094315495,0.7413666
AC063960.2,20609,AC063960.2,True,5,0.0006857437950166564,1.313352755792014,0.21155794
BTBD16,20610,BTBD16,True,5,0.002158831919015374,1.787593976383334,0.31151634
MRPS21P6,20650,MRPS21P6,True,4,0.006452652002658416,1.8057742121636577,0.31733304
AL158835.2,20655,AL158835.2,True,4,0.003962048474260977,1.739399873923714,0.18551128
EDRF1-AS1,20657,EDRF1-AS1,True,4,0.004861313554735245,1.7227151429740168,0.20144638
MKI67,20675,MKI67,True,11,1.0758752968771783,2.2823556960625337,1.3985674
LINC02666,20679,LINC02666,True,5,0.0031835310453095147,1.9861316547689605,0.6095168
BNIP3,20696,BNIP3,True,12,1.392542675354159,2.3432890377893343,1.2692221
AL451069.1,20709,AL451069.1,True,3,0.03048131096997031,2.030730328324811,0.6864067
TNNI2,20821,TNNI2,True,4,0.0023171579556958894,1.6433607729393693,0.1975685
H19,20825,H19,True,14,0.47503417503458073,2.405482782228621,1.8465872
IGF2,20826,IGF2,True,11,0.37843171087465166,2.3697234713693063,2.4546154
TSPAN32,20832,TSPAN32,True,7,0.010740831719145366,2.107459514816132,0.7947353
CD81-AS1,20834,CD81-AS1,True,4,0.001806216994501038,1.5908530676848731,-0.025394658
KCNQ1OT1,20840,KCNQ1OT1,True,19,0.6362653975675459,2.4347890142258577,3.1481311
AC021424.4,20843,AC021424.4,True,4,0.00472258044540578,1.864535315763777,0.4229147
AC127526.4,20868,AC127526.4,True,3,0.00816272855187242,1.9429183897970062,0.6823111
ART5,20872,ART5,True,6,0.14356833785946688,2.2124884796031834,1.1351959
HBD,20903,HBD,True,7,0.008749686104827535,1.9426317506166795,0.7284685
AC104389.5,20906,AC104389.5,True,5,0.003976035085595443,1.9268951052655374,0.5045506
HBE1,20907,HBE1,True,8,0.010993911560374348,2.098284657182979,0.86398304
AC104389.4,20909,AC104389.4,True,5,0.008401792843391697,1.970910519718068,0.61047757
AC022762.2,20926,AC022762.2,True,4,0.005313523080539358,1.7559267226866804,0.26314816
AC068733.3,20931,AC068733.3,True,3,0.017897794284154306,2.03573959287682,0.6919859
HPX,20934,HPX,True,5,0.00643474982432512,1.9676969179012043,0.60302335
MICAL2,21050,MICAL2,True,3,0.1812612778668213,2.1331658192856047,0.88892996
MORF4L1P3,21079,MORF4L1P3,True,3,0.0170490594753424,1.9895015957512094,0.63569856
SOX6,21090,SOX6,True,12,0.28530300678651144,2.2170155703359207,1.2768067
PTPN5,21146,PTPN5,True,4,0.010846314968382667,1.789525770894135,0.2933897
CSRP3,21149,CSRP3,True,17,0.20588143161508782,2.9729227489437684,4.0517154
NAV2-AS2,21158,NAV2-AS2,True,3,0.016380751587563816,2.08714650650825,0.7866527
CCDC34,21189,CCDC34,True,12,1.2814810596560822,2.442240962647603,1.9017037
BDNF,21197,BDNF,True,4,0.10343545705153899,2.1468928575626385,0.9051109
DCDC1,21217,DCDC1,True,6,0.01805855218160011,2.1372757852991895,0.8899817
AL035078.1,21224,AL035078.1,True,15,0.6293914427838148,2.279797377753583,2.2986786
WT1,21228,WT1,True,4,0.14461830980008025,2.207388157503425,0.9965744
LMO2,21253,LMO2,True,3,0.013660094346302495,2.101290808159549,0.8098819
CIR1P3,21259,CIR1P3,True,4,0.0009048479013669939,1.1552961734319553,-0.30559787
AC129502.1,21279,AC129502.1,True,4,0.0025757451581814015,1.6283504470157644,0.011400421
AC068205.1,21306,AC068205.1,True,4,0.0011778824590265517,1.248896761997709,0.23921956
PRDM11,21329,PRDM11,True,3,0.014036500784807499,2.0217896444863808,0.68078536
MDK,21353,MDK,True,5,2.537240252644736,2.661035988210159,1.0525141
MYBPC3,21380,MYBPC3,True,17,0.1490304607626029,2.422575821159401,1.5503609
AC021443.1,21401,AC021443.1,True,6,0.005793386922711227,2.027807309984285,0.7296663
AC109635.3,21410,AC109635.3,True,6,0.006369655635004784,1.9528485822120476,0.56090415
APLNR,21429,APLNR,True,15,0.44227871822215975,2.3606758096544054,2.0700004
SERPING1,21443,SERPING1,True,3,0.4541327227146141,2.0350485330655452,0.64542305
AP001350.2,21464,AP001350.2,True,4,0.0017602631847006731,1.4801306702959895,-0.22695431
AP001636.3,21471,AP001636.3,True,4,0.004728272410574994,1.7484948114107952,0.19491385
OR4D9,21483,OR4D9,True,4,0.0006530139305048066,1.289588918469925,-0.3044592
AP003778.1,21484,AP003778.1,True,5,0.004398252363763016,1.909670208936675,0.49959123
AP000790.2,21501,AP000790.2,True,4,0.0018199687998264262,1.5354670203011827,-0.15890606
PGA5,21526,PGA5,True,6,0.023006396748187594,2.122321730739081,0.84211373
AP001453.1,21652,AP001453.1,True,7,0.0025335482868273514,1.8324723810748935,0.37708917
LINC02723,21670,LINC02723,True,4,0.00607903443736727,1.7448251872957876,0.23451184
ALG1L8P,21851,ALG1L8P,True,4,0.0006483766877453039,1.001835060028443,0.09966809
GAL,21875,GAL,True,15,0.8381176135679456,2.570891055570644,3.1789083
IFITM9P,21889,IFITM9P,True,4,0.016511518464268824,2.0539661026911484,0.74873203
AP002761.3,21979,AP002761.3,True,5,0.00364704602611199,1.8122720686356042,0.48295557
WNT11,22056,WNT11,True,3,0.03284822647913518,2.1012353312775915,0.8021342
RPS28P7,22119,RPS28P7,True,4,0.4688172571162222,2.0188969064844815,0.48239076
AP001767.1,22127,AP001767.1,True,5,0.0024502764884668064,1.548618356841618,-0.072751425
CCDC81,22168,CCDC81,True,5,0.0360226718382603,2.1328525769065116,0.8617974
PRSS23,22172,PRSS23,True,15,0.410377532056626,2.473375843830349,2.807955
NDUFB11P1,22218,NDUFB11P1,True,5,0.003886060542107471,1.8002522401787124,0.33842546
LINC02746,22224,LINC02746,True,4,0.004292407669619572,1.6921297626112608,0.16695976
AP003969.2,22234,AP003969.2,True,4,0.0009384153379487162,1.2467525969481514,-0.2867556
CNTN5,22286,CNTN5,True,6,0.024543668973999688,2.135763544142981,0.8778491
ARHGAP42,22290,ARHGAP42,True,6,0.3539919116306968,2.117486002497653,1.1164552
SLN,22352,SLN,True,14,0.14967212252381198,2.5200911461732236,1.9130648
AP002353.1,22353,AP002353.1,True,4,0.0025203770111900128,1.6705944736291771,0.10000422
CRYAB,22407,CRYAB,True,13,0.09834704218154772,2.516584773111641,1.7194955
NCAM1,22440,NCAM1,True,13,0.4343442781077464,2.200059073845079,1.5030509
MTRF1LP1,22448,MTRF1LP1,True,4,0.001897839211180284,1.6864809796391345,0.15804955
AP002373.1,22464,AP002373.1,True,5,0.001485417941921654,1.69153129988043,0.43071657
CADM1,22470,CADM1,True,14,0.9012473103819417,2.281493598574682,1.6894354
APOC3,22491,APOC3,True,4,0.004647026251827255,1.8120892418798578,0.4909215
APOA1,22492,APOA1,True,7,0.15094538868817514,2.2632504938977305,1.4887995
AP000936.2,22497,AP000936.2,True,4,0.004838140284812686,1.8028908364968212,0.3002887
TAGLN,22501,TAGLN,True,19,1.5804472941820145,3.45919362330513,4.858745
DSCAML1,22512,DSCAML1,True,4,0.003934130951766338,1.7316878317843496,0.22750497
FXYD6,22516,FXYD6,True,7,0.4241285736138875,2.0887725408831406,0.939906
USP2,22586,USP2,True,3,0.06834351273742924,2.052212569323849,0.7385342
KRT8P7,22592,KRT8P7,True,4,0.003499959083072221,1.7637603610773054,0.26989084
SC5D,22613,SC5D,True,5,0.4912999195518753,2.0361046436483434,0.58269215
MIR100HG,22619,MIR100HG,True,7,0.1499541307424976,2.2249993271656447,1.0230278
ATP5PBP5,22629,ATP5PBP5,True,5,0.0007831216252504394,1.1142609647198072,-0.06619981
AP000926.1,22638,AP000926.1,True,4,0.002357913584692821,1.6774122432051704,0.15540208
KRT18P59,22674,KRT18P59,True,4,0.0031139201233210665,1.8682797412123395,0.42424437
KIRREL3,22711,KIRREL3,True,5,0.000862557172507754,1.2835583524564145,-0.40084437
C11orf45,22721,C11orf45,True,4,0.0026649193755573604,1.5396870801635136,-0.11292785
RPL34P21,22735,RPL34P21,True,5,0.0020261609169502657,1.606887190496176,0.014924339
LINC02731,22762,LINC02731,True,6,0.0040822315200634545,1.837501049723059,0.4026436
AC006206.1,22883,AC006206.1,True,4,0.001837211036222423,1.5322821816798304,0.020110533
SLC2A3,22984,SLC2A3,True,3,0.8041955742474467,2.113866037917191,0.89618474
AC092745.1,23011,AC092745.1,True,4,0.0017809053673697643,1.4690046236258325,-0.054105077
SUPT4H1P2,23017,SUPT4H1P2,True,4,0.0014296528431437926,1.4888428840517693,-0.14482161
A2M,23036,A2M,True,8,0.020179430058855276,2.3222701638853542,1.1848469
A2MP1,23041,A2MP1,True,4,0.0011004598766188058,1.4483053674730215,0.00063412846
HSPE1P12,23085,HSPE1P12,True,4,0.001894608193738238,1.427372850209735,-0.16208349
TAS2R10,23088,TAS2R10,True,4,0.0019085975700171291,1.6880977329286804,0.1000967
DDX55P1,23114,DDX55P1,True,4,0.0033656938509173287,1.6694435613751817,0.11045012
APOLD1,23137,APOLD1,True,4,0.014165345044604675,2.0020925155179716,0.6606011
ART4,23175,ART4,True,5,0.0013362706259026271,1.547993204030515,0.2306228
MGP,23177,MGP,True,12,0.05542286194162426,2.554064728285083,1.9602348
ARHGDIB,23179,ARHGDIB,True,3,0.04876818173408747,2.1166097461869975,0.83811885
RERG,23182,RERG,True,3,0.041960163063484955,2.125177241219348,0.8574971
AC126468.1,23225,AC126468.1,True,3,0.007298930657995249,1.9390737259333473,0.66886294
SPX,23239,SPX,True,8,0.10044230656685822,2.2416449969144314,1.3952345
PPFIBP1,23304,PPFIBP1,True,9,0.5715234349207119,2.101626916936176,1.0561018
AC009318.1,23330,AC009318.1,True,3,0.01251051692038966,2.0327311974008526,0.71255225
H3F3C,23372,H3F3C,True,4,0.10053329673019133,2.091854805184426,0.8088937
PKP2,23395,PKP2,True,12,0.7188224642892683,2.2173533859435426,1.5084285
SYT10,23399,SYT10,True,8,0.23473821876487827,2.2269684636758265,1.2781328
AC023158.2,23401,AC023158.2,True,4,0.0018659322902354668,1.6011330310663183,0.0143337315
CPNE8-AS1,23412,CPNE8-AS1,True,4,0.0027967344191154914,1.5576716543801057,-0.081675395
AC121336.1,23420,AC121336.1,True,4,0.00048262564145356055,1.2746900548309263,0.18228848
PDZRN4,23427,PDZRN4,True,5,0.04719349554802491,2.092742744688951,0.81431943
PRICKLE1,23438,PRICKLE1,True,3,0.3390813140843584,2.0872273621514448,0.9342132
AC025031.1,23477,AC025031.1,True,4,0.000826507157325923,1.2741293567219512,-0.14685608
AC119044.1,23486,AC119044.1,True,4,0.0025942007201744948,1.7654776027091608,0.24084665
COL2A1,23507,COL2A1,True,11,0.3092152997545353,2.3253274468093803,1.7741956
AC004801.1,23512,AC004801.1,True,5,0.004909383102787628,1.856856338175443,0.45532906
AC024257.5,23523,AC024257.5,True,5,0.0004768401224938587,0.8881621846857796,-0.064804316
TUBA1A,23558,TUBA1A,True,13,1.4019876667045335,2.3622528525874085,1.4597493
AC020612.3,23573,AC020612.3,True,4,0.001425826856793566,1.2684502207424329,-0.39382952
LIMA1,23599,LIMA1,True,4,0.7780839173456154,2.10322309919747,0.80925363
AC013244.1,23609,AC013244.1,True,4,0.0014340650392330836,1.4047265927553378,-0.31176344
POU6F1,23624,POU6F1,True,4,0.007570840347837884,1.8026695024376604,0.33731857
ACVRL1,23640,ACVRL1,True,4,0.0013764259764865237,1.4675410498482166,-0.10437647
KRT8,23667,KRT8,True,15,1.704369954581565,2.615316868573357,1.697036
KRT18,23668,KRT18,True,17,2.2108507603024274,2.9703369325555413,2.1704628
HOXC9,23718,HOXC9,True,4,0.015811934134321817,1.8025766175797966,0.32399654
HOXC8,23720,HOXC8,True,8,0.05989553976271425,2.114069447274461,0.86884516
AC023794.4,23726,AC023794.4,True,6,0.031349867471147194,2.12288779788857,0.8469171
LINC02381,23730,LINC02381,True,8,0.3073929034455054,2.2197351777832366,1.2777644
AC034102.8,23793,AC034102.8,True,5,0.002929569346774781,1.874189934677944,0.46223766
MYL6,23806,MYL6,True,5,2.4624932702769824,2.5289737751930494,0.8288472
AC121758.2,23841,AC121758.2,True,5,0.0011204556176269526,1.3674598961697653,-0.21237731
MARCH9,23886,MARCH9,True,4,0.010042769729938167,1.9669434974738378,0.57298416
RPL21P103,23903,RPL21P103,True,5,0.0018675307364280091,1.696784937545969,0.16714308
AC068305.2,23907,AC068305.2,True,4,0.0020059807626973004,1.6728632332220288,0.112003684
AC078814.2,23935,AC078814.2,True,4,0.0028784353207048966,1.8431538700349228,0.42521024
AC084357.2,23941,AC084357.2,True,4,0.0010448220221479525,1.3349193231942449,-0.051074363
TBC1D30,23970,TBC1D30,True,4,0.007389355557373324,1.8101437117848036,0.3204822
MSRB3,23980,MSRB3,True,4,0.23879206315548843,2.1458763933043907,0.9802857
HMGA2,23987,HMGA2,True,4,0.910049342624081,2.087688537926481,0.5864123
LLPH-DT,23993,LLPH-DT,True,4,0.0012484727203404327,1.55956779947923,-0.054274116
HNRNPA1P70,24012,HNRNPA1P70,True,4,0.0022084741188041278,1.743474436741138,0.24018393
AC025423.1,24030,AC025423.1,True,4,0.0018240300632631843,1.553677913641466,-0.10524706
LGR5,24063,LGR5,True,4,0.0495902726844786,2.007580519926931,0.6469735
PHLDA1,24101,PHLDA1,True,4,0.3948806524801376,2.033106101699637,0.6452224
AC233290.1,24107,AC233290.1,True,4,0.0015727418556845715,1.4390442801410133,-0.25826085
CSRP2,24118,CSRP2,True,14,1.609218314845467,2.4960148318019435,1.4463092
PPFIA2,24150,PPFIA2,True,3,0.060385928225316896,2.1612817640670845,0.92028046
AC093027.1,24163,AC093027.1,True,4,0.0016181371808480546,1.5188691329152977,-0.123425186
NTS,24173,NTS,True,18,0.7648870538700213,2.9036796258166144,5.1656513
CEP290,24182,CEP290,True,3,0.8304599416411911,2.098486933782541,0.7697597
DUSP6,24189,DUSP6,True,18,0.9936981342525889,2.2878048186463515,1.7001565
AC010201.1,24193,AC010201.1,True,4,0.004792503054563457,1.9624128642964305,0.6022979
ATP2B1,24201,ATP2B1,True,11,1.030838495425804,2.250782755792913,1.3056848
LUM,24209,LUM,True,18,0.8849293379219737,2.815264557270679,3.4915807
DCN,24210,DCN,True,18,0.8970054483891509,2.9077115637851705,3.8179822
BTG1,24218,BTG1,True,8,0.5050042256432349,2.110967413412252,1.1331749
LINC02413,24229,LINC02413,True,5,0.0016334224185321465,1.614514151009888,0.44726366
KRT19P2,24256,KRT19P2,True,5,0.003231579347798512,1.8170572404181211,0.32877338
AC018475.1,24266,AC018475.1,True,6,0.00902337034193426,1.840739650239233,0.43165463
AMDHD1,24274,AMDHD1,True,4,0.0035374001739239204,1.718305329027493,0.17173012
ANKS1B,24306,ANKS1B,True,3,0.044944004453072665,1.9926659482325533,0.6488042
SLC17A8,24318,SLC17A8,True,4,0.006907696838920661,1.8673862986312109,0.3918086
NR1H4,24319,NR1H4,True,4,0.0013593836083247149,1.236658054602087,0.28367665
ANO4,24322,ANO4,True,4,0.03148465897789994,2.0252549274811473,0.7014105
RNY1P16,24333,RNY1P16,True,4,0.0011290837911034815,1.322548951343851,-0.20759124
IGF1,24351,IGF1,True,11,0.06827820769565413,2.3336793572628842,1.2203948
AC007541.1,24403,AC007541.1,True,3,0.020182540638411305,2.058583947747976,0.7416212
AC008119.1,24424,AC008119.1,True,5,0.0022009920611314516,1.6023924262394242,0.034046527
FOXN4,24439,FOXN4,True,4,0.0018115578017809156,1.3420226568182503,-0.01851745
AC007570.1,24441,AC007570.1,True,4,0.0017230344003853653,1.3619827363175334,-0.37247565
FAM222A,24446,FAM222A,True,4,0.007301901688980045,1.886021479162374,0.45195472
IFT81,24459,IFT81,True,3,0.6497445604775626,2.0753569067226927,0.8530126
ATP2A2,24460,ATP2A2,True,3,0.36877136823072226,2.0104014056630537,0.74716437
MYL2,24479,MYL2,True,9,0.0052317762925980895,1.7856445943980552,0.42387882
OAS3,24514,OAS3,True,5,0.003049829766987675,1.5251489399932252,0.14363728
AC012157.2,24546,AC012157.2,True,4,0.0016627257498845428,1.5276957564746056,-0.09897943
AC026367.1,24581,AC026367.1,True,4,0.0019225876145107972,1.6404402428856957,0.0823619
HNF1A-AS1,24646,HNF1A-AS1,True,5,0.0020258910828466607,1.5746572544091313,0.03766287
KDM2B-DT,24657,KDM2B-DT,True,4,0.0035517727345078212,1.6971417027866802,0.15595923
MORN3,24660,MORN3,True,3,0.013526945635446916,2.099359232853824,0.8696236
HPD,24668,HPD,True,4,0.001723988538166429,1.3784695613859217,-0.24179901
AC026362.1,24701,AC026362.1,True,4,0.002855906535683816,1.7337603693973176,0.2133237
AC026362.2,24704,AC026362.2,True,4,0.0016069043031631117,1.4571302788988592,-0.09830304
AC145423.2,24718,AC145423.2,True,4,0.002209844430010302,1.7513601699491015,0.38875088
AC140121.1,24774,AC140121.1,True,4,0.0006258530826098541,1.0119563898895747,0.15008722
RPS6P20,24806,RPS6P20,True,4,0.007835620839895406,1.841336705713772,0.3796629
AL138688.2,24900,AL138688.2,True,4,0.0007995666662502179,1.345557573966022,-0.020302596
GJA3,24901,GJA3,True,4,0.007928266302948937,1.839783923920115,0.39062822
RNU2-7P,24909,RNU2-7P,True,4,0.002605171698873192,1.7068984353143464,0.2978904
IL17D,24911,IL17D,True,4,0.00851525440818743,1.8939152925059566,0.4890276
RANP8,24914,RANP8,True,5,0.001433949670936999,1.65420441748625,0.10611736
GPR12,25000,GPR12,True,4,0.0020205029681086427,1.704718885949602,0.3295149
MTUS2,25032,MTUS2,True,5,0.0576450044161042,2.2507791329890057,1.064642
MTUS2-AS1,25034,MTUS2-AS1,True,4,0.0009845311829633034,1.456550783874618,-0.04056213
FRY,25062,FRY,True,4,0.02055480457348769,2.067187599130858,0.7588716
FRY-AS1,25065,FRY-AS1,True,4,0.001615347335035703,1.4497553165620454,-0.07943878
AL390071.1,25090,AL390071.1,True,4,0.0015020123108805195,1.4775373974878774,-0.23640616
SMAD9-IT1,25105,SMAD9-IT1,True,5,0.0016137212412036406,1.5793078500349105,0.10964573
POSTN,25114,POSTN,True,17,0.2824462314978458,2.6771650426986686,3.1259253
LINC00598,25130,LINC00598,True,5,0.0031515272878705333,1.7779641369846721,0.23168002
EPSTI1,25170,EPSTI1,True,4,0.051098338212305805,2.1218471547532523,0.84733367
TSC22D1,25191,TSC22D1,True,7,0.9140091988519727,2.1697743751837226,0.948617
RN7SL49P,25198,RN7SL49P,True,5,0.0029516896004266706,1.930765325930033,0.53583497
TPT1,25204,TPT1,True,4,3.2636816133378885,2.4757364071611874,0.35057017
LRRC63,25224,LRRC63,True,4,0.015437686483524492,2.0681288093878343,0.7545564
LINC01198,25228,LINC01198,True,4,0.003545513581547222,1.4967172334921088,0.103880174
AL138686.1,25230,AL138686.1,True,4,0.00408997748204083,1.7994148435024038,0.3070779
AL158196.1,25242,AL158196.1,True,5,0.0008826528827742143,1.3090824346845542,-0.074738555
TMEM272,25307,TMEM272,True,4,0.0009359091893575371,1.2169969351457888,-0.35598
CTAGE3P,25308,CTAGE3P,True,4,0.010522318428003193,1.9328108340799819,0.53094125
THSD1,25318,THSD1,True,6,0.0013090726644034995,1.7800028257522331,0.5675309
LINC00458,25334,LINC00458,True,19,0.6516555682275869,2.6750042602154713,3.67341
DIAPH3-AS1,25351,DIAPH3-AS1,True,5,0.0034781009704590434,1.7068823059449099,0.17395964
LINC00434,25354,LINC00434,True,4,0.0006357269413099797,1.0504011563620999,-0.03328122
PCDH9,25366,PCDH9,True,3,0.0662241896559815,2.1254077598968237,0.86196923
LMO7,25409,LMO7,True,6,0.289547480904381,2.120162442888939,1.0644407
LINC01034,25413,LINC01034,True,5,0.025609889962432252,2.1516967982602284,0.89693975
KCTD12,25416,KCTD12,True,8,0.31013365625006584,2.218439584487899,1.4714544
POU4F1,25436,POU4F1,True,5,0.007552545831979897,1.7801635413376027,0.29292277
MTND5P3,25462,MTND5P3,True,4,0.002003194781946588,1.4354503617968488,0.2346923
KRT18P27,25477,KRT18P27,True,4,0.001987845741703704,1.6813924851388233,0.14211598
GPC5-AS1,25489,GPC5-AS1,True,4,0.0062058137478469885,1.9215563265484126,0.5317212
SOX21,25503,SOX21,True,4,0.004644279242924084,1.6990437332176291,0.17246193
H2AFZP3,25547,H2AFZP3,True,3,0.16970052450400783,2.0136674045205116,0.67634827
GPR183,25549,GPR183,True,5,0.016662089042570584,2.0291037157473983,0.71057427
AL136526.1,25574,AL136526.1,True,4,0.00234499490537155,1.6187473630462883,0.15207663
COX5BP6,25577,COX5BP6,True,4,0.004522512322335269,1.9965725750746017,0.6408847
SNORA79B,25710,SNORA79B,True,5,0.0014877569161409006,1.6586707693561331,0.19003306
AC243972.2,25765,AC243972.2,True,4,0.0015589818063201965,1.5079403035843062,-0.023953142
BCL2L2-PABPN1,25825,BCL2L2-PABPN1,True,4,0.0018423568120427547,1.5460224329035253,0.057410818
CMTM5,25831,CMTM5,True,4,0.00216847349190878,1.5351732561756009,0.3335795
MYH6,25832,MYH6,True,17,1.203907189921067,3.7126011597281083,5.74325
MYH7,25833,MYH7,True,17,0.1457353047097815,2.792912632863485,2.8822877
DHRS2,25844,DHRS2,True,5,0.014486517711532388,2.0907673060274337,0.826874
FITM1,25857,FITM1,True,4,0.0366444358197905,2.094287792371168,0.79880035
BTF3P2,25914,BTF3P2,True,4,0.013087988363582855,2.050492371639558,0.7351599
AL356756.1,25921,AL356756.1,True,5,0.0029390510115753885,1.833680351526254,0.51877934
UBE2CP1,25930,UBE2CP1,True,6,0.008306956662880517,1.968993138611688,0.607835
AL163973.1,25949,AL163973.1,True,4,0.005814372399964224,1.9311522329247277,0.53140235
RPS19P3,25966,RPS19P3,True,5,0.41363389912017506,2.0089459648344414,0.3930266
NFKBIA,25988,NFKBIA,True,3,0.4823151357672654,2.0322660346761667,0.6234776
FOXA1,26017,FOXA1,True,6,0.004804077325437999,1.8491762037634016,0.54543173
AL132639.3,26035,AL132639.3,True,4,0.0023224866862588036,1.5714932070225556,-0.09214607
KRT8P2,26055,KRT8P2,True,4,0.0017751359499111191,1.6893281914446014,0.4050505
KLHDC1,26104,KLHDC1,True,5,0.01385770958272269,2.1194636603045067,0.846281
AL606834.1,26133,AL606834.1,True,5,0.0050575157203023744,1.7913663480110131,0.32428288
AL122125.1,26150,AL122125.1,True,5,0.0018073085179703616,1.650402186022741,0.07333144
NID2,26158,NID2,True,16,0.4833734954632599,2.2505894635716857,1.8773519
PTGDR,26161,PTGDR,True,4,0.001044334351009614,1.1914223869071314,-0.107845895
BMP4,26186,BMP4,True,10,0.4771805429850799,2.225840098763303,1.4044533
LGALS3,26200,LGALS3,True,7,0.2755222853541948,2.1601551811714486,1.3839632
DLGAP5,26201,DLGAP5,True,6,1.0797535115314925,2.1563530330243865,0.8442017
AL137100.3,26233,AL137100.3,True,4,0.004903258860847763,1.806796484512924,0.35803583
ARMH4,26246,ARMH4,True,3,0.25143824458055297,2.1141422465805575,1.0383891
AL132989.1,26251,AL132989.1,True,4,0.00496985475698642,1.956703809860415,0.58698714
ARID4A,26256,ARID4A,True,3,0.4204883444525079,2.047175243880064,0.7405502
SIX6,26289,SIX6,True,4,0.05391951222469997,1.7710417994963756,0.41987327
AL049874.1,26292,AL049874.1,True,4,0.003924127620579035,1.8368946983232715,0.39142117
SYNE2,26333,SYNE2,True,3,0.7483705907687499,2.086525277749025,0.7645779
AL122035.2,26340,AL122035.2,True,5,0.005812247610737719,1.8727162175087926,0.43753067
AL391261.2,26368,AL391261.2,True,4,0.002652011597913189,1.5747186148323356,-0.070549004
RPL12P7,26407,RPL12P7,True,4,0.002914566689856519,1.5818573950185812,-0.020395553
ZFP36L1,26410,ZFP36L1,True,9,1.0080969006531437,2.2303781971602508,1.1868241
ACTN1,26413,ACTN1,True,6,0.7642893679382102,2.1070503332228974,0.87688935
AC004900.1,26466,AC004900.1,True,5,0.002467689503152612,1.736093366094923,0.2631694
FAM161B,26511,FAM161B,True,3,0.031098484064855204,2.0636336073171138,0.75080687
AL691403.2,26552,AL691403.2,True,4,0.001116037260775948,1.1671593269994354,-0.11856501
FOS,26554,FOS,True,3,0.10148953110183008,2.06493203260598,0.7599779
LINC01220,26555,LINC01220,True,8,0.01591588231534477,2.2149047366907713,1.0277165
AF111169.4,26582,AF111169.4,True,4,0.0014563316661854511,1.4446704020023982,-0.25364825
FAM204DP,26596,FAM204DP,True,7,0.0018882028493216777,1.8310942855876795,0.3872047
DIO2,26622,DIO2,True,9,0.015652403793679954,2.183283939821991,0.95350647
FLRT2,26654,FLRT2,True,5,0.1945877683412381,2.1464291862373908,0.99175054
AL512791.2,26694,AL512791.2,True,4,0.0023584683042229514,1.6664752658470987,0.10520583
AL132838.2,26738,AL132838.2,True,4,0.006319256868202618,1.9297376983528112,0.5423645
ASB2,26745,ASB2,True,8,0.06221158690518671,2.1890936134725982,0.95103943
SERPINA1,26755,SERPINA1,True,5,0.011770775231256242,1.8170016984820045,0.52969086
AL162151.2,26803,AL162151.2,True,5,0.000991775001349882,1.2798322172064018,-0.13114643
DLK1,26838,DLK1,True,18,0.3135932222941684,2.739881902949612,3.4942374
MEG3,26839,MEG3,True,5,0.069377822445571,1.681483805621103,0.14915413
AL118558.2,26867,AL118558.2,True,5,0.0022882191527349104,1.7365175236702022,0.22152849
EXOC3L4,26887,EXOC3L4,True,4,0.001961427740247014,1.7085868373643391,0.2921506
AL583722.2,26939,AL583722.2,True,4,0.003504251224569441,1.6175123630805068,0.04132662
LINC02298,26954,LINC02298,True,6,0.00576777546743483,2.1158968698160465,0.8451291
AL512356.3,26955,AL512356.3,True,5,0.0005636264243548657,0.8358745951678157,-0.34124807
CRIP2,26967,CRIP2,True,13,0.2986889028131257,2.25449805764074,1.6880237
AC090983.2,27011,AC090983.2,True,3,0.01678587769508579,2.0502122424343256,0.7168764
AC124303.1,27025,AC124303.1,True,4,0.0017653088031537323,1.7514230216848083,0.25483742
AC127502.2,27072,AC127502.2,True,5,0.001411143267961808,1.598642879004653,0.14078546
GOLGA8N,27107,GOLGA8N,True,4,0.004084044891387526,1.849480173228011,0.41603705
ACTC1,27147,ACTC1,True,18,1.2503633721785326,3.7999084870258457,6.879543
DPH6-DT,27164,DPH6-DT,True,4,0.004709096767475599,1.9925872354080327,0.63929087
MEIS2,27177,MEIS2,True,15,0.8784606658408699,2.325302119182412,1.9114509
LINC01852,27184,LINC01852,True,5,0.0030885663492623383,1.7774062885078687,0.28452075
AC116158.3,27190,AC116158.3,True,4,0.0033708304877738183,1.8751111075958824,0.4181693
THBS1,27197,THBS1,True,6,0.11052678711178883,2.1655037394490093,0.91938174
RNU6-516P,27233,RNU6-516P,True,4,0.0019292312423995755,1.6297745549124485,0.045618325
RN7SL376P,27237,RN7SL376P,True,4,0.0007944436839839613,1.1283846810656109,-0.094708376
AC039056.2,27289,AC039056.2,True,4,0.0014743454326115045,1.258853487084835,-0.56533647
AC068724.3,27320,AC068724.3,True,4,0.0005873310332614768,1.0139598706616846,-0.093274385
MAP1A,27336,MAP1A,True,4,0.09717302774403216,2.129202922229304,0.86049205
CATSPER2,27340,CATSPER2,True,5,0.008061935516457236,1.9263880195731793,0.49482724
PATL2,27370,PATL2,True,4,0.00275993967662126,1.7868428523800295,0.28478843
SLC30A4,27397,SLC30A4,True,4,0.005139706693391635,1.9587030758102728,0.55720574
FGF7,27444,FGF7,True,6,0.054955027806622814,2.1845724347550015,0.96237546
AC012100.1,27467,AC012100.1,True,4,0.0016334418568772593,1.7587623690200926,0.2704272
UNC13C,27517,UNC13C,True,4,0.0034589480873914043,1.7505771341021215,0.33533865
AC018926.3,27528,AC018926.3,True,4,0.0006590911302118446,1.0881479559743166,-0.25880897
PRTG,27534,PRTG,True,17,0.626236630690921,2.271642788549636,2.0574708
AC090517.2,27552,AC090517.2,True,4,0.0019526252093806042,1.353337240286143,-0.14529808
NDUFB10P1,27561,NDUFB10P1,True,5,0.0019218660351228694,1.6621418052922567,0.12196474
CGNL1,27562,CGNL1,True,10,0.5515196999784674,2.173830583047984,1.4174302
MTCO3P23,27575,MTCO3P23,True,5,0.0033945735337958492,1.7616591092147331,0.2306447
ANXA2,27618,ANXA2,True,9,1.1115536188746509,2.292336910482255,1.4287113
HMGN1P26,27639,HMGN1P26,True,4,0.006693302895854864,1.8735043243173326,0.42404836
AC103740.2,27644,AC103740.2,True,4,0.003218246027042264,1.7620319016828454,0.39186776
TPM1,27646,TPM1,True,19,3.5505280398624794,4.258889980807648,3.0121365
AC079328.2,27648,AC079328.2,True,3,0.05273700613813039,2.023852202164104,0.6851527
AC013564.1,27741,AC013564.1,True,3,0.003908344287482613,1.978365460826027,0.6320886
AC135628.1,27759,AC135628.1,True,5,0.0033943764377937042,1.9703599318426381,0.6221344
LINC02204,27791,LINC02204,True,4,0.0023910605614713104,1.5615881278493813,-0.095474295
UACA,27793,UACA,True,3,0.7551743843623637,2.09205799302378,0.74288183
KRT8P9,27800,KRT8P9,True,5,0.00512049409274674,1.8964952650593327,0.47556615
EIF5A2P1,27812,EIF5A2P1,True,5,0.003238424072313898,1.9078181975615387,0.47720316
PHBP20,27825,PHBP20,True,4,0.004483672227416607,1.841674146770747,0.38519606
AC012435.3,27873,AC012435.3,True,4,0.0013175069291752894,1.3063219802012127,-0.18368281
ODF3L1,27924,ODF3L1,True,4,0.0016404389187144066,1.5593372880957173,0.35338888
AC090751.1,27941,AC090751.1,True,5,0.0021773476777922733,1.804732320591154,0.3610987
AC090607.1,27972,AC090607.1,True,5,0.001976655793342009,1.6461629602855932,0.052477717
CRABP1,27975,CRABP1,True,6,0.7922860096997462,2.1728207144984455,1.2375792
BCL2A1,28015,BCL2A1,True,6,0.0064161459816004796,1.9547160692992689,0.7328881
AC026956.1,28048,AC026956.1,True,4,0.013738281874472364,1.8864956543224987,0.47752967
AC245033.1,28064,AC245033.1,True,4,0.003438276794891193,1.6614756571434195,0.072145656
FSD2,28077,FSD2,True,4,0.04576384344345306,2.159088348572445,0.9208806
AC022558.1,28085,AC022558.1,True,4,0.004563183361778742,1.8369109698793447,0.37314597
AC021739.3,28137,AC021739.3,True,4,0.0008607372549150904,0.9786652054585474,-0.4940324
AC091544.4,28256,AC091544.4,True,5,0.003446076170444886,1.5936682902254133,0.11120295
AC106028.2,28264,AC106028.2,True,5,0.0008275789716096365,1.376090871270149,0.063578986
LINC01197,28286,LINC01197,True,6,0.009988714764401593,1.943943533288176,0.5787285
NR2F2,28302,NR2F2,True,8,0.20293272610948945,2.2890418266446466,1.2582124
AC087477.2,28304,AC087477.2,True,4,0.0024257139194280683,1.4452680121210895,0.016806059
MEF2A,28341,MEF2A,True,11,0.6798596841833313,2.1607142726436797,1.1608347
RNU6-181P,28358,RNU6-181P,True,4,0.0007806698884773436,1.2489519243698002,-0.3103067
HBA1,28402,HBA1,True,4,0.0032435981996406108,1.4948423835825304,-0.010397675
GNG13,28448,GNG13,True,4,0.0012483565661080215,1.3642485890269191,-0.08489202
TMEM204,28486,TMEM204,True,6,0.001515667446743748,1.8287530098702978,0.6254585
RPL3L,28510,RPL3L,True,4,0.002524210120021473,1.6972343765089235,0.13508025
AC106820.3,28552,AC106820.3,True,4,0.002438982995322536,1.6488885097411605,0.08223643
AC141586.5,28567,AC141586.5,True,4,0.001497054904252117,1.3964864055102943,-0.0733401
AC003965.1,28586,AC003965.1,True,4,0.005323160826656126,1.7966789983565117,0.2873253
LINC00514,28595,LINC00514,True,5,0.009706067653242403,2.1723570059765445,0.933593
TNFRSF12A,28600,TNFRSF12A,True,5,0.44202364555969803,2.0135761612078324,0.5023744
LINC00921,28620,LINC00921,True,4,0.002137807115877608,1.5742697207809897,-0.026496375
MTCO1P28,28629,MTCO1P28,True,4,0.004561809045267775,1.8073973730127062,0.49038747
AC012676.4,28664,AC012676.4,True,5,0.0020605894828750375,1.6615299833162727,0.20999372
C16orf71,28678,C16orf71,True,5,0.0017502378485454606,1.6177367938988156,0.20637012
SNRPCP20,28699,SNRPCP20,True,5,0.0010902480245207208,1.5256206879294134,0.13257547
AC022168.1,28731,AC022168.1,True,3,0.09077813544574624,2.128571416937212,0.86159366
ATF7IP2,28733,ATF7IP2,True,10,0.39309850575412203,2.1716596282473133,1.6097183
EMP2,28738,EMP2,True,11,0.5895863017994248,2.1658256851450246,1.270159
AC007014.1,28755,AC007014.1,True,4,0.0008105452428196762,1.2694330646978496,-0.20464662
AC109597.2,28788,AC109597.2,True,4,0.0003904615851176393,0.9073935415905005,-0.039808728
MYH11,28833,MYH11,True,8,0.05103869852046784,2.2949874694432153,1.391743
RPL7P47,28855,RPL7P47,True,3,0.1603690160317084,2.04229249986858,0.72423726
ARL6IP1,28861,ARL6IP1,True,9,1.518524353596154,2.342166664477884,1.1682613
SNRPEP3,28894,SNRPEP3,True,4,0.01050966728285522,2.0739039289016614,0.78658456
ACSM3,28901,ACSM3,True,5,0.09356242552387811,2.21492126984155,1.0126739
RNU6-1005P,28925,RNU6-1005P,True,4,0.0006126362426746746,0.8404595084685822,-0.5678102
RNU6-196P,28926,RNU6-196P,True,4,0.0011438602525989335,1.3974891201608117,0.06276099
RRN3P3,28950,RRN3P3,True,3,0.021027600680530688,2.0128299417742763,0.67327523
AC130466.1,28954,AC130466.1,True,4,0.0013651862175688087,1.304668471590465,-0.3736739
AC016597.1,29023,AC016597.1,True,6,0.006207053139102396,1.9129943655579649,0.50428766
NPIPB11,29077,NPIPB11,True,4,0.0035103412946073907,1.7521035585324813,0.25496697
CDIPTOSP,29102,CDIPTOSP,True,5,0.006967589213887696,1.8029925330121384,0.32731602
CD2BP2-DT,29134,CD2BP2-DT,True,4,0.0040376359743364695,1.8235349924144952,0.38046432
CTF1,29175,CTF1,True,4,0.010872007393826088,2.062619402055986,0.7383666
COX6A2,29212,COX6A2,True,5,0.02065105015738904,1.9433948775036907,0.5727118
AC012186.2,29265,AC012186.2,True,4,0.0013160925811210892,1.557111928821459,0.189316
MYLK3,29268,MYLK3,True,3,0.17376171905164908,2.1545075325134357,0.9525268
AC007494.1,29281,AC007494.1,True,4,0.0016502264679386295,1.6407019418297386,0.22077772
AC079416.4,29356,AC079416.4,True,4,0.0029019044929615378,1.9087860395887557,0.51125807
AC079416.2,29357,AC079416.2,True,4,0.004760696536966869,1.8760906786763598,0.43782938
IRX3,29373,IRX3,True,10,0.3465066160013439,2.210385453564468,1.3546312
AC018553.1,29375,AC018553.1,True,4,0.0028977811458590686,1.7271467968708227,0.30719492
AC106738.1,29380,AC106738.1,True,4,0.0017143491196716558,1.4558123358091106,0.0282861
AC040168.1,29394,AC040168.1,True,4,0.0024316904996609153,1.601013430751046,0.121767685
MT2A,29405,MT2A,True,6,0.2558875689960235,2.1778335396770943,1.4061526
MT1E,29407,MT1E,True,5,0.13912568624691235,2.0476357848217304,0.6380141
MT1G,29415,MT1G,True,11,0.2414367428204453,2.286411950099452,1.7699702
RPL23AP91,29440,RPL23AP91,True,5,0.0036220424100660777,1.8545596177470702,0.41456562
APOOP5,29492,APOOP5,True,4,0.009327668409791096,2.002666853076847,0.6461034
CDH11,29512,CDH11,True,17,0.7356956212647434,2.2862086537508266,1.8866158
RRAD,29544,RRAD,True,5,0.015129599514145737,2.026993842146806,0.69088477
AC009084.2,29550,AC009084.2,True,5,0.005907236669720213,2.0012717106933433,0.66466546
TRADD,29555,TRADD,True,5,0.011347483494127637,2.1305355558343027,0.856049
AC040160.2,29563,AC040160.2,True,4,0.0017011746187540339,1.7080289442658794,0.16249059
TPPP3,29573,TPPP3,True,5,0.0099263646952034,2.0228259167554747,0.68503946
RPS2P45,29653,RPS2P45,True,4,0.0020252511786562856,1.585756937869249,-0.06849841
DERPC,29655,DERPC,True,4,0.00425368320110501,1.8806420754554847,0.45854124
VAC14-AS1,29704,VAC14-AS1,True,5,0.0016966331721912401,1.5765960811331396,-0.04777456
AC020763.2,29705,AC020763.2,True,4,0.0011111275534266,1.3524285232380844,0.035252493
CALB2,29711,CALB2,True,13,0.23786939809484572,2.3843778893862804,1.8666307
TXNL4B,29745,TXNL4B,True,7,0.13917728529426934,2.0912037726932398,1.0373873
AC004943.1,29759,AC004943.1,True,4,0.003724054653806855,1.904400933256646,0.47925615
Y-RNA.601,29783,Y-RNA.601,True,4,0.0010752805198130243,1.4452811663129013,-0.12877735
AC009153.1,29784,AC009153.1,True,5,0.000938678443097731,1.2933704331898226,-0.37620968
TERF2IP,29819,TERF2IP,True,9,0.7444662380045811,2.1468411610455282,1.1338273
CNTNAP4,29825,CNTNAP4,True,3,0.030942775124540314,1.9828042579955094,0.62654716
AC009044.1,29846,AC009044.1,True,4,0.001365167622875287,1.5444483012720216,-0.06633357
MAF,29866,MAF,True,6,0.2617642625581193,2.1464433204342805,1.2129493
AC092139.3,29900,AC092139.3,True,4,0.0011436101886208487,1.3730058276914072,-0.3341442
WFDC1,29929,WFDC1,True,4,0.0036691571269169203,1.8322349728963654,0.41816652
AC126696.2,30004,AC126696.2,True,4,0.0010519466434353475,1.2935378094242227,-0.4230562
SPG7,30050,SPG7,True,8,0.33879227217075114,2.176497287554191,1.6805882
SERPINF2,30130,SERPINF2,True,4,0.006001906598131232,1.6603181912984872,0.092569225
RTN4RL1,30135,RTN4RL1,True,4,0.002018905676945012,1.431487124972513,-0.11774331
HIC1,30141,HIC1,True,3,0.017821075510659486,2.087180396943468,0.7847758
ALOX15,30219,ALOX15,True,4,0.04598078986428542,1.9629479632394267,0.5988356
VMO1,30230,VMO1,True,5,0.0066399266547192675,1.9336246438288565,0.54567873
ENO3,30244,ENO3,True,9,0.4208291677579329,2.144788589925689,1.3819005
AC004771.2,30248,AC004771.2,True,6,0.0021965905493601277,1.8695186505892227,0.5641807
AC087500.2,30263,AC087500.2,True,5,0.0006172010992856999,1.013292667955322,0.11072751
AC055839.2,30275,AC055839.2,True,5,0.007908603440751116,2.009931027205924,0.6994303
AIPL1,30281,AIPL1,True,4,0.00335438546448833,1.5282630500837742,0.011058687
XAF1,30295,XAF1,True,5,0.00543859793995496,1.8433489385046302,0.41032663
AC040977.1,30302,AC040977.1,True,4,0.0023178183039962246,1.7543601034931136,0.37620574
NEURL4,30331,NEURL4,True,4,0.005258349683361644,1.9441151778578938,0.54362315
TMEM88,30368,TMEM88,True,11,0.6119074406833281,2.3280624985825953,2.1034272
AC135178.3,30409,AC135178.3,True,5,0.0036112547220689076,1.703666247795669,0.17222694
AC005244.1,30468,AC005244.1,True,4,0.00880618881378302,1.9759429476436965,0.62310314
MYOCD,30471,MYOCD,True,13,0.305511713276038,2.2997297276345208,1.6803914
PMP22,30493,PMP22,True,6,0.23621480335790207,2.209944545858106,1.3344083
UBE2SP1,30508,UBE2SP1,True,4,0.00157741740396874,1.6672251786138899,0.068349876
LRRC75A,30532,LRRC75A,True,7,1.2039466577553184,2.225427064799164,1.0545645
RASD1,30566,RASD1,True,3,0.03801718737592446,2.0302126737417763,0.7043205
AC122129.1,30577,AC122129.1,True,4,0.004181411622984266,1.9932232374917849,0.65063226
LINC02076,30599,LINC02076,True,4,0.006532837591396457,1.7983125383910903,0.30297276
CCDC144NL-AS1,30686,CCDC144NL-AS1,True,5,0.46212569837326,2.1151724842304938,1.0278206
UBBP4,30707,UBBP4,True,4,0.690441174204021,2.0027503110095397,0.22059448
WSB1,30722,WSB1,True,3,1.327411008392907,2.231491251036083,0.8190881
KRT18P55,30744,KRT18P55,True,4,0.043373203176284944,2.0307570226239307,0.694322
SARM1,30751,SARM1,True,3,0.019554527728479962,2.0155084260015976,0.69480747
CORO6,30820,CORO6,True,3,0.05411196272705552,2.0746395175932917,0.76804554
AC079915.1,30878,AC079915.1,True,4,0.0019778454421276927,1.772689766164186,0.25405392
RNA5SP437,30895,RNA5SP437,True,6,0.0029268629442607934,1.776701468040348,0.29356372
WDR45BP1,30902,WDR45BP1,True,4,0.003182406805280638,1.708468999024763,0.1815556
AC005899.6,30915,AC005899.6,True,5,0.003032214754244738,1.666126817270182,0.14124778
AC005899.5,30917,AC005899.5,True,4,0.0023316540701670565,1.8696779642487045,0.46783984
AC079336.5,30923,AC079336.5,True,4,0.004452546416626932,1.8259041117325865,0.3607195
AC084809.2,30931,AC084809.2,True,4,0.0014628904431957886,1.4531435856920887,-0.001674038
TMEM98,30932,TMEM98,True,4,0.7800250259015621,2.117197199180512,0.86277246
CCL2,30945,CCL2,True,17,0.07183736848311295,2.689247628988276,1.7984765
AC004223.4,30953,AC004223.4,True,4,0.0010232929629946524,1.4108982778001689,0.08167188
UNC45B,30959,UNC45B,True,6,0.11703018722673501,2.150303046727315,0.89493406
CCL4L2,31009,CCL4L2,True,4,0.004578433296641771,1.2332156816342934,0.63050455
LHX1,31024,LHX1,True,14,0.3069792594423347,2.387843137850681,2.02675
TBC1D3C,31046,TBC1D3C,True,4,0.0007031826027514175,1.3704226155907695,0.02785793
TCAP,31095,TCAP,True,3,0.0243007532654379,2.0926280145429246,0.8190409
IKZF3,31101,IKZF3,True,4,0.0043056206700627896,1.7653764717159544,0.24317676
AC090844.1,31103,AC090844.1,True,4,0.002326181920622223,1.5471883600763003,-0.10411938
GSDMB,31104,GSDMB,True,4,0.026939453800851592,2.054507054319446,0.7463134
AC090844.2,31106,AC090844.2,True,4,0.002482694997990701,1.6691975622810127,0.11089489
RARA-AS1,31121,RARA-AS1,True,5,0.008568510224332863,1.9773350721830705,0.6253895
TOP2A,31126,TOP2A,True,19,1.5710501301718387,2.657152827623351,2.341571
KRT19,31152,KRT19,True,17,1.4647294503156665,2.526766273385274,1.8367045
KRT17,31157,KRT17,True,4,0.0074121649866587145,1.6868942754734293,0.13833477
CAVIN1,31192,CAVIN1,True,15,0.6091898368849801,2.2550657264934473,1.8558074
AC067852.3,31195,AC067852.3,True,6,0.005338220871939581,2.010184048500292,0.67421937
AOC3,31229,AOC3,True,4,0.005776796427926566,1.8692505680099798,0.44483086
PTGES3L-AARSD1,31234,PTGES3L-AARSD1,True,6,0.0018156559221019833,1.7629348983419904,0.28221437
WHSC1L2P,31259,WHSC1L2P,True,4,0.010405631905848204,1.8782819040229903,0.4439082
LINC01976,31268,LINC01976,True,4,0.002157144476948408,1.4162536010669013,-0.21460547
AC003102.1,31283,AC003102.1,True,3,0.013326715882016633,2.02824240699535,0.68445
RPL7L1P5,31294,RPL7L1P5,True,4,0.0011096684874110675,1.4468881930789457,-0.282538
AC008105.3,31329,AC008105.3,True,4,0.0017547737813213575,1.3343615861686309,-0.29113472
AC005670.1,31367,AC005670.1,True,5,0.001830617088796993,1.6368501528488455,0.09129003
MYL4,31377,MYL4,True,19,1.1570437218020957,3.267035590549189,4.888841
HOXB1,31416,HOXB1,True,5,0.06670023766649316,2.0831461847078865,0.8081954
HOXB2,31417,HOXB2,True,4,0.3039135588354605,2.125886963860267,0.89445406
HOXB-AS1,31418,HOXB-AS1,True,3,0.08138425852778013,2.1167732020596497,0.8498024
HOXB-AS3,31420,HOXB-AS3,True,10,0.14162144459649606,2.311445208945018,1.4159898
HOXB5,31424,HOXB5,True,6,0.16683379625839176,2.142540656928112,0.94827396
HOXB7,31426,HOXB7,True,4,0.1360627496741534,2.1385838814311104,0.95555097
DLX3,31481,DLX3,True,5,0.004277523873451959,1.7834927299843735,0.30373377
COL1A1,31492,COL1A1,True,18,0.8378791164785587,2.450795224636594,2.5740752
CACNA1G,31515,CACNA1G,True,6,0.012167318951249884,1.9611740303652159,0.62005097
MTCO1P40,31543,MTCO1P40,True,4,1.348419273522624,2.147672652544649,0.26777494
NOG,31568,NOG,True,3,0.011480437446958872,2.0617789205229937,0.74536467
RN7SL449P,31588,RN7SL449P,True,4,0.0012072281445520286,1.3984582791397528,-0.24296102
AC005962.2,31608,AC005962.2,True,4,0.0033898702081737527,1.7864272009864222,0.2941888
VMP1,31650,VMP1,True,7,0.4863147770942868,2.0794733895911697,0.88271886
RNFT1-DT,31658,RNFT1-DT,True,4,0.002576667990049415,1.7986288050643504,0.3303871
HMGN1P28,31683,HMGN1P28,True,4,0.003145705312783885,1.7672545137761588,0.2874423
TBX2-AS1,31690,TBX2-AS1,True,3,0.03420579847743879,2.1592361366784507,0.91358936
TBX2,31691,TBX2,True,3,0.019177837415631716,2.0910186121454526,0.7922049
TANC2,31722,TANC2,True,3,0.037799174978648195,2.0875869303970367,0.78564525
AC005828.7,31725,AC005828.7,True,4,0.0014041258997810288,1.4950054457506914,-0.19731905
EEF1DP7,31737,EEF1DP7,True,5,0.001566937139220691,1.6227061160380192,0.08607325
AC132812.1,31772,AC132812.1,True,5,0.003265182054532922,1.72927530509958,0.20554806
AC103810.2,31775,AC103810.2,True,4,0.0009598667185890472,1.248908071968576,-0.14128701
AC103810.1,31777,AC103810.1,True,5,0.0009953795120568516,1.3347637241723267,-0.3148996
AC007780.1,31833,AC007780.1,True,4,0.0010634649916741762,1.3849772184485385,-0.3634133
ABCA8,31841,ABCA8,True,8,0.044919895621569894,2.224068141945215,1.0244516
ABCA9,31843,ABCA9,True,5,0.004545833311339763,2.0033026170817005,0.66145426
SOX9,31865,SOX9,True,4,0.07950059180412082,2.1314436086166886,0.8676122
SLC9A3R1,31903,SLC9A3R1,True,13,0.6830416594535628,2.2243360786672244,1.5832882
AC016168.4,32008,AC016168.4,True,5,0.0027498414554245885,1.6653800316299134,0.11546777
AC016168.3,32012,AC016168.3,True,11,0.030202968376601944,2.4170048529623194,1.3557795
AC021683.3,32020,AC021683.3,True,4,0.0015692675716316479,1.400174270693799,-0.29888797
ENGASE,32065,ENGASE,True,3,0.01888047513037669,2.01509813465019,0.6782658
AC087741.1,32082,AC087741.1,True,4,0.01999621056227848,2.016658052595964,0.69390094
AC124319.3,32088,AC124319.3,True,5,0.001041148207233072,1.4976814589827938,0.12121182
NPTX1,32092,NPTX1,True,8,0.01619119676729899,2.0997344175849975,0.83800596
AC110285.5,32120,AC110285.5,True,4,0.0008876736085869585,1.3376225672637267,0.08698052
AC132872.2,32176,AC132872.2,True,6,0.004057078837401786,1.975382245430321,0.60003847
AC024361.2,32207,AC024361.2,True,4,0.003297201716012561,1.8314539674075305,0.4989034
COLEC12,32226,COLEC12,True,4,0.46647725581663285,2.114756091887511,0.96420735
AP000915.2,32227,AP000915.2,True,6,0.0020115025735899825,1.7466977660703045,0.39423284
AP001020.2,32237,AP001020.2,True,5,0.004023440571603829,1.7088277298805377,0.16827647
BOLA2P1,32240,BOLA2P1,True,4,0.004931474062376301,1.7941584604693284,0.3084931
AP000894.1,32241,AP000894.1,True,4,0.005667747933593309,1.8356991179988804,0.40115032
MYOM1,32269,MYOM1,True,7,0.11935287731927495,2.26536175660845,1.0962832
AP005203.1,32294,AP005203.1,True,4,0.0012592269008484536,1.4571243794672406,0.009022939
AP002409.1,32324,AP002409.1,True,4,0.0032787973439425216,1.646854257308384,0.09488707
KRT18P8,32359,KRT18P8,True,4,0.012545500784969599,1.9747720636227921,0.6243935
AC006557.5,32426,AC006557.5,True,6,0.003139788861829995,1.9490774017381778,0.5977906
POTEC,32436,POTEC,True,4,0.008408773019361996,1.5542662525114033,0.20316638
AC022809.1,32443,AC022809.1,True,5,0.0017481285021034858,1.4934876757851328,0.34413755
MIR133A1HG,32455,MIR133A1HG,True,7,0.08165793087605884,2.2897992849680002,1.1170406
LINC01900,32458,LINC01900,True,3,0.01313657596156082,2.0432322499490345,0.7179425
GATA6-AS1,32461,GATA6-AS1,True,19,0.5928610605105502,2.4023360437161956,2.7472203
CTAGE1,32467,CTAGE1,True,4,0.0034816536783610387,1.8016328917375393,0.37166858
LINC01894,32506,LINC01894,True,4,0.0011411964915204608,1.1906972801308207,-0.010572639
CDH2,32534,CDH2,True,5,0.7715476658295667,2.1559200937115834,1.0670394
DSC3,32540,DSC3,True,6,0.17688997433632658,2.1044863286799655,1.0108545
DSC2,32541,DSC2,True,8,0.7956379767645022,2.147653453636725,1.0131238
TTR,32552,TTR,True,10,0.03884871413772267,2.4388765889290984,1.359698
HNRNPA1P7,32574,HNRNPA1P7,True,3,0.009248777772849137,1.974836626229701,0.62889767
CCDC178,32580,CCDC178,True,6,0.018906228870922765,2.138584698128461,0.88294697
AC090229.1,32605,AC090229.1,True,4,0.0025061331388241273,1.671104020881186,0.2440729
AC015961.2,32622,AC015961.2,True,4,0.003314197335827123,1.6753680702753426,0.12816003
AC011225.1,32635,AC011225.1,True,4,0.0009743367452753867,1.3831048397851962,-0.33630392
SYT4,32642,SYT4,True,7,0.032716385658661154,2.2090900569223146,1.0008647
CFAP53,32707,CFAP53,True,3,0.02389929846563209,1.984191979370221,0.6468629
RAB27B,32738,RAB27B,True,5,0.0017409993106882716,1.6244747101153079,0.057067145
LINC01416,32748,LINC01416,True,4,0.0034192538069092383,1.5778184579445687,-0.08404321
RSL24D1P11,32768,RSL24D1P11,True,4,0.0034010682957068615,1.8403108562005308,0.3917548
AC090236.2,32772,AC090236.2,True,4,0.000490519322376768,0.8497897420621624,-0.3432127
ALPK2,32776,ALPK2,True,10,0.3634244048457199,2.190681020443872,1.3970402
AC104365.3,32784,AC104365.3,True,4,0.003300197085557541,1.6858884917751988,0.1547755
AC090377.1,32801,AC090377.1,True,4,0.0007476131424435432,1.2874685088562747,0.018242206
AC090771.1,32804,AC090771.1,True,4,0.005028759302802871,1.838825265579752,0.39085823
SERPINB4,32837,SERPINB4,True,6,0.003705057287936432,1.455493278110697,-0.1029039
LINC00305,32848,LINC00305,True,4,0.006795309863499737,1.5838832686023825,0.0863567
DOK6,32871,DOK6,True,4,0.024372425211439154,2.0181594455840313,0.66876376
AC021701.1,32875,AC021701.1,True,4,0.0021937188691792397,1.4967634435331558,-0.17100236
CBLN2,32882,CBLN2,True,3,0.042100025292687644,2.0940539485231184,0.8245277
C2CD4C,32965,C2CD4C,True,4,0.003980738163075257,1.8259890599472366,0.3555806
AZU1,32990,AZU1,True,4,0.00658278374032434,1.9604315428132637,0.58206433
GADD45B,33086,GADD45B,True,3,0.22959961771286627,2.1095518529271744,0.956574
TMIGD2,33161,TMIGD2,True,4,0.006764586182449672,1.8293611371832477,0.38590547
EIF1P6,33166,EIF1P6,True,4,0.001557254486965326,1.62677450308778,0.32653967
TINCR,33203,TINCR,True,4,0.004640665606962102,1.8821127763285659,0.45520145
FUT3,33216,FUT3,True,5,0.00130808410205395,1.4568151297898624,0.21100163
AC008760.1,33258,AC008760.1,True,4,0.002251430176633043,1.7531166380671805,0.26815167
PET100,33274,PET100,True,5,0.43228143215835746,1.9922216012473863,0.3528939
CLEC4M,33286,CLEC4M,True,5,0.0016128284657811632,1.3398391877749252,0.39166692
PRAM1,33325,PRAM1,True,5,0.004686308326074948,1.7793180841637746,0.2955075
CNN1,33451,CNN1,True,6,0.22350456108482797,2.250711862797555,1.38017
AC008543.1,33456,AC008543.1,True,4,0.0049014904962852825,1.889003271903506,0.47708693
MISP3,33582,MISP3,True,4,0.004032407135470988,1.7687468148431744,0.30233595
AC011509.3,33590,AC011509.3,True,4,0.005089428660915848,1.7846913907617712,0.29961407
AC011509.2,33591,AC011509.2,True,4,0.003198459866991473,1.87430173190271,0.44484106
OR7C1,33610,OR7C1,True,4,0.002563004820166397,1.7915106571995632,0.31004754
OR7A17,33612,OR7A17,True,4,0.0004961981280030203,0.9698749968678472,-0.7611823
AC006128.1,33628,AC006128.1,True,4,0.004691958228264906,1.9416804882847967,0.5349005
AC020911.3,33653,AC020911.3,True,4,0.0005760175160010037,0.9943564719189927,-0.0015568781
KLF2,33656,KLF2,True,5,0.005243229963952289,1.905036682968303,0.64982384
AC020917.3,33657,AC020917.3,True,5,0.000996063152680579,1.51408895808542,-0.13374446
CPAMD8,33683,CPAMD8,True,3,0.02745081458214402,1.9722634841044333,0.6209846
BST2,33708,BST2,True,12,0.7481806049040075,2.256395006407408,1.7128396
AC010319.1,33712,AC010319.1,True,4,0.006010949638886202,1.9092798350222362,0.50837815
AC008761.1,33725,AC008761.1,True,4,0.0006373815389034803,1.175710387526666,-0.12457751
TSSK6,33798,TSSK6,True,4,0.005075658891361357,1.7729956604544133,0.24648094
AC022432.1,33869,AC022432.1,True,5,0.0016571667144901984,1.6356416568566374,0.2107311
AC123912.4,33882,AC123912.4,True,5,0.0023039602257628,1.7275170863212228,0.33886734
AC073539.2,33897,AC073539.2,True,4,0.0034825364417209437,1.7991445991841077,0.30905423
ZNF99,33910,ZNF99,True,4,0.004756848828107411,1.6699983313356623,0.09963518
LINC01858,33913,LINC01858,True,6,0.0009167193217543236,1.4058624993343756,0.17225672
MAN1A2P1,33966,MAN1A2P1,True,4,0.0010083040192087655,1.2419856684476425,-0.435699
SLC7A9,34007,SLC7A9,True,4,0.001510876898256477,1.6400461246226177,0.17675337
AKR1B1P7,34021,AKR1B1P7,True,4,0.003208050750681334,1.6369463291947184,0.16330355
LIN37,34116,LIN37,True,4,0.010778758442936735,1.963909885491644,0.58386296
ZNF540,34200,ZNF540,True,4,0.0074934343180551735,1.9952829242625694,0.6613077
AC011479.1,34221,AC011479.1,True,5,0.0009718373629132346,1.3324137428304266,-0.016546618
GGN,34229,GGN,True,4,0.0027417896423448814,1.8829554326943359,0.4711179
ERVK9-11,34255,ERVK9-11,True,3,0.006828159159276289,2.0061758346751195,0.6496508
PLD3,34310,PLD3,True,4,0.5539692805014627,2.038496137005992,0.692679
MIA-RAB4B,34330,MIA-RAB4B,True,5,0.0021078384420693255,1.3749379049742014,-0.3597291
RNU6-611P,34484,RNU6-611P,True,6,0.0017590262124216444,1.60159429842016,0.046455182
CKM,34496,CKM,True,5,0.049790553379217437,2.074451313628066,0.7613716
FOSB,34503,FOSB,True,5,0.006959522006749007,2.0297586881757006,0.70294726
GIPR,34512,GIPR,True,3,0.032871988927501886,2.1043385916324406,0.81880355
GAPDHP38,34554,GAPDHP38,True,6,0.00583674250143612,1.9470466651167322,0.56453466
GNG8,34558,GNG8,True,5,0.013904212458765938,2.0273769068587177,0.68771785
DACT3-AS1,34561,DACT3-AS1,True,4,0.010985460618593835,2.012930068861844,0.67766464
AC008895.1,34572,AC008895.1,True,4,0.004488219148705696,1.9001863635717866,0.49489212
ZNF541,34591,ZNF541,True,4,0.0024650224208063033,1.4637077188596446,0.07916909
AC011466.3,34608,AC011466.3,True,4,0.0005691933214684334,1.0758147228596007,-0.41786346
SEC1P,34637,SEC1P,True,4,0.0030804005715765557,1.6937764199878422,0.15098971
PPP1R15A,34649,PPP1R15A,True,8,0.47534743763789866,2.095899685721454,1.0078064
FTL,34657,FTL,True,6,2.8979600711788747,2.4837176004552917,0.69713736
CGB7,34665,CGB7,True,4,0.005902756880088167,1.817306595401348,0.37681222
HRC,34673,HRC,True,9,0.23993858564591913,2.250692436767326,1.4003937
PTH2,34684,PTH2,True,6,0.006038104210975927,1.886127957099733,0.47378403
EMC10,34745,EMC10,True,19,2.3968718990967632,5.349275688892988,6.233571
AC020909.2,34747,AC020909.2,True,18,1.0377602147534075,3.7491946902757873,6.440634
SIGLEC6,34801,SIGLEC6,True,4,0.0008285334626178772,1.252589394698027,0.0014190794
LILRB3,34932,LILRB3,True,5,0.0048342767302371826,1.925426743692946,0.5206735
TNNT1,34966,TNNT1,True,9,0.8104014513100322,2.178920806904834,1.2097462
AC010327.6,34975,AC010327.6,True,4,0.0018796155827460268,1.6929132544698546,0.14565888
GALP,35023,GALP,True,4,0.0030264068414887373,1.816644315256008,0.50736654
EDDM13,35028,EDDM13,True,4,0.004422745275081322,1.856570316207674,0.4066063
AC006116.11,35040,AC006116.11,True,4,0.0043198837475347035,1.7213654938806344,0.18046999
ZSCAN1,35118,ZSCAN1,True,6,0.017026934008674232,2.1072302402921776,0.82538027
AC012313.8,35155,AC012313.8,True,4,0.0017145855172152993,1.4540213607258254,0.03944019
AC012313.9,35162,AC012313.9,True,4,0.0016151228449042842,1.5904222546027649,-0.024807852
SNPH,35198,SNPH,True,4,0.0041988665446437866,1.8269970588512972,0.37087515
RPL7P2,35214,RPL7P2,True,5,0.0033922490629141834,1.889464819565245,0.4921109
AL121899.4,35218,AL121899.4,True,4,0.0022212984525669583,1.8205402327910278,0.37349376
AVP,35239,AVP,True,4,0.0011749654332433212,1.3721769496987826,-0.24240705
FTLP3,35268,FTLP3,True,7,0.4750013947638812,2.0511291956802067,0.63202065
AL121890.4,35284,AL121890.4,True,4,0.0016053771606979938,1.5408235133272081,-0.100136265
BMP2,35315,BMP2,True,11,0.34315902605169424,2.20389468423633,1.5562335
LAMP5,35324,LAMP5,True,4,0.026032825829487006,2.1545151163118255,0.9096798
JAG1,35335,JAG1,True,5,0.2752403029564226,2.1230155041280443,1.0219315
FLRT3,35365,FLRT3,True,9,0.31295744641947004,2.2331465220822406,1.5321196
AL132765.2,35380,AL132765.2,True,4,0.0025761799030995934,1.590337235404782,-0.009517156
RPS19P1,35401,RPS19P1,True,4,0.7881324495881572,2.0366918479847382,0.330305
RIN2,35415,RIN2,True,3,0.049064834537930736,2.0093589003135683,0.664424
LINC00261,35449,LINC00261,True,4,0.014277601421811307,1.9253033977340024,0.5363224
CST3,35466,CST3,True,10,0.6812131946945325,2.173644993500279,1.3860489
FRG1DP,35507,FRG1DP,True,5,0.007294263902896976,1.999457791365491,0.6483708
AL121723.1,35520,AL121723.1,True,3,0.013845092333221449,2.0533766466324566,0.7441009
ID1,35530,ID1,True,12,0.8618487309145744,2.204666829699331,1.2962974
TPX2,35535,TPX2,True,5,1.0203309178193714,2.1591429156491815,0.8708077
FOXS1,35537,FOXS1,True,4,0.002816814416489683,1.7934143059748957,0.29085603
AL121897.1,35552,AL121897.1,True,4,0.0006364684142858559,1.2205312605989607,0.059721276
ITCH-AS1,35601,ITCH-AS1,True,5,0.0013954563190769688,1.5671607845481694,-0.018364854
MYH7B,35616,MYH7B,True,5,0.017963101849555956,2.1512587689026734,0.91146743
MYL9,35665,MYL9,True,18,0.9041479363427527,2.432815340637635,2.3332002
GHRH,35685,GHRH,True,7,0.01157821351126266,2.069015841526007,0.7717077
AL034422.1,35687,AL034422.1,True,4,0.0016489194503847564,1.5535548240139057,-0.075904325
PTPRT,35747,PTPRT,True,5,0.01850614095498265,2.052913034368334,0.87373
SERINC3,35774,SERINC3,True,4,0.4785839921551792,2.024538967410787,0.5317149
PKIG,35775,PKIG,True,6,0.44931902641373844,2.0648675662138376,0.86759377
CCN5,35778,CCN5,True,4,0.0014145000018866325,1.4321254345830858,-0.01763314
AL031663.3,35801,AL031663.3,True,4,0.0027028774316371516,1.6429335058529702,0.18436177
HNRNPA1P3,35814,HNRNPA1P3,True,5,0.0036661066345317385,1.764015420115488,0.26877865
UBE2C,35817,UBE2C,True,19,1.2316674856197052,2.447232210849933,2.071902
FTLP1,35832,FTLP1,True,4,0.0036961000855596964,1.6510436653680025,0.082282424
EYA2,35854,EYA2,True,5,0.0036181602868135317,1.782140241801066,0.28618413
AL121776.1,35855,AL121776.1,True,6,0.0012505063988010301,1.4127500606754626,-0.17955524
KRT18P4,35894,KRT18P4,True,4,0.003962094220657313,1.8698485246051986,0.43973488
LINC01270,35904,LINC01270,True,4,0.0037605748417194854,1.7547844031090083,0.37200946
RIPOR3,35911,RIPOR3,True,3,0.08105814816125138,2.0086166369240974,0.6703242
AL391097.3,35934,AL391097.3,True,4,0.0027216865327397252,1.720721312411221,0.3154233
AC005220.1,35945,AC005220.1,True,4,0.0016194573951859598,1.3858916402659793,-0.33819005
LINC01440,35950,LINC01440,True,4,0.0030031904054106965,1.7666357072482402,0.41078535
AL109828.1,35953,AL109828.1,True,4,0.0008140708659947866,1.2954459878227056,0.34015062
AURKA,35955,AURKA,True,7,0.8360680633562705,2.1319531735741304,0.980932
AL109840.2,36004,AL109840.2,True,4,0.0033363889157366146,1.6224139925305205,0.0313088
EDN3,36013,EDN3,True,3,0.03381805808762993,2.05757189211608,0.76128
SYCP2,36016,SYCP2,True,3,0.011418613921474134,2.0190542132021734,0.68769103
OGFR-AS1,36056,OGFR-AS1,True,4,0.0010557226872365086,1.5403767990903163,0.1705653
PTK6,36081,PTK6,True,5,0.005657432186512538,2.0331591463499645,0.68184304
UCKL1-AS1,36104,UCKL1-AS1,True,5,0.0027718861389655967,1.7634086822385144,0.27754354
CU633967.1,36123,CU633967.1,True,5,0.000734497159520569,1.087766933690951,0.1444111
AF127577.3,36163,AF127577.3,True,4,0.0015676909356232976,1.6015749217780968,0.17432463
NRIP1,36164,NRIP1,True,4,0.4550013046129258,2.0681842695012365,0.90398735
TUBAP,36203,TUBAP,True,4,0.002637202619436848,1.7274809171306897,0.22491431
LINC00158,36208,LINC00158,True,5,0.0021038253611192015,1.64056752892437,0.4919933
ADAMTS1,36228,ADAMTS1,True,7,0.30498815146991687,2.2132085697234785,1.4554873
ADAMTS5,36229,ADAMTS5,True,4,0.017021031970607916,2.04862350241977,0.7368836
LINC01697,36237,LINC01697,True,3,0.02024196132897398,2.0018286473662408,0.63802075
MAP3K7CL,36251,MAP3K7CL,True,4,0.002972509907689943,1.7211906441617624,0.1579194
GRIK1,36258,GRIK1,True,5,0.00881260557312854,1.8686763847015104,0.43837714
AP000254.1,36270,AP000254.1,True,4,0.001528085009533355,1.5470455827024983,-0.07036473
MIS18A-AS1,36280,MIS18A-AS1,True,5,0.0028370154249704586,1.679037260661671,0.17062587
RCAN1,36332,RCAN1,True,5,0.10325008886622795,2.1589347797264007,0.91800344
CBR3-AS1,36349,CBR3-AS1,True,4,0.005877041986011625,1.914235418769569,0.5035439
TTC3,36372,TTC3,True,3,1.094712744915007,2.1608910078864496,0.7585834
AP001412.1,36379,AP001412.1,True,4,0.008816482438971547,1.9315372971418474,0.54360574
AP001437.1,36381,AP001437.1,True,4,0.004817953930497526,1.9190851419183768,0.5120126
METTL21AP1,36402,METTL21AP1,True,4,0.00032097981402634675,0.6841296630564507,-0.14012825
PCP4,36418,PCP4,True,5,0.02980913637233616,2.0602866541587903,0.7490864
TFF1,36441,TFF1,True,5,0.0008722592711987072,1.3169742079108475,0.37923223
LINC02575,36493,LINC02575,True,4,0.005678623820334576,1.724677321547923,0.16501656
TSPEAR,36495,TSPEAR,True,4,0.0023010122110026887,1.6246086718270218,0.012806941
LINC00334,36515,LINC00334,True,4,0.0012059148624546168,1.499366490470013,-0.008711633
COL6A1,36531,COL6A1,True,4,0.4990614931982662,2.0791074440615036,0.8516185
CT867976.1,36554,CT867976.1,True,4,0.0026819061774599005,1.73769865839155,0.3446352
FRG1GP,36556,FRG1GP,True,5,0.0048089425989778075,1.9594254711000894,0.58490515
DGCR9,36611,DGCR9,True,4,0.005199632558573317,1.9032177687574716,0.5056375
KRT18P62,36624,KRT18P62,True,4,0.0025795226390375654,1.6412101083980573,0.19070499
AC000068.1,36630,AC000068.1,True,4,0.009481777666998117,1.8596019155706063,0.405417
TBX1,36639,TBX1,True,4,0.012597629882518538,2.009562883140802,0.68111825
LRRC74B,36694,LRRC74B,True,6,0.0012654448305132863,1.5617150506360247,0.2338135
AC245060.5,36724,AC245060.5,True,14,0.35989110549719977,2.304109098832632,1.8587319
AP000345.2,36756,AP000345.2,True,4,0.0019717805365645803,1.796672397090818,0.40455768
POM121L9P,36789,POM121L9P,True,5,0.0035480769450651427,2.0144912624755875,0.6613613
BCRP1,36790,BCRP1,True,4,0.0013132429225885828,1.6191443397563559,0.15574077
AP000356.3,36804,AP000356.3,True,5,0.004210312502959897,1.9827752059402062,0.7509353
AL022323.4,36817,AL022323.4,True,4,0.011895532956421812,2.0772607785755324,0.7579001
AL022329.1,36829,AL022329.1,True,4,0.001059781205746086,1.2510274295619548,-0.4473086
MYO18B,36833,MYO18B,True,5,0.017053908057451994,2.058489611745783,0.72977716
AL022337.1,36835,AL022337.1,True,4,0.0014855822326478305,1.3493786975567148,-0.40784696
AL096701.4,36962,AL096701.4,True,4,0.006760638247187183,1.8325832261008914,0.36632067
AL096701.2,36964,AL096701.2,True,4,0.003385390476571434,1.7275951159716827,0.21217656
MB,37018,MB,True,4,0.041120346051251165,2.179109730267939,0.9541392
RBFOX2,37021,RBFOX2,True,4,0.8469792383245155,2.1046593610088555,0.7439085
NDUFA9P1,37022,NDUFA9P1,True,4,0.007313447423310998,1.9773254424745665,0.63060564
Z82217.1,37023,Z82217.1,True,4,0.0041359190986940885,1.6005614513719633,0.013697544
APOL1,37030,APOL1,True,4,0.0014874974259254453,1.5259555299655132,0.12954569
LGALS1,37069,LGALS1,True,9,0.48703128900059456,2.1791184280614657,1.4442441
H1F0,37072,H1F0,True,16,0.9996111082567599,2.2568522065445435,1.5363052
APOBEC3H,37133,APOBEC3H,True,5,0.009721566992466554,1.8476307994576915,0.39162642
AL022326.1,37139,AL022326.1,True,4,0.0007476037732332471,1.3201045182844395,-0.094917536
SLC25A5P1,37217,SLC25A5P1,True,5,0.0033861591843947388,1.7947807182933133,0.26058808
AL021878.2,37223,AL021878.2,True,4,0.0032063495432043078,1.7720934024801238,0.28684372
CYP2D7,37230,CYP2D7,True,4,0.005112456489459564,1.9658768724919902,0.5976473
ATP5MGL,37245,ATP5MGL,True,4,0.44282196711899285,1.9603697543980958,0.0006055028
SHISAL1,37279,SHISAL1,True,4,0.004057556340186044,1.729850504053843,0.2334568
LINC00207,37284,LINC00207,True,6,0.0021429565025750667,1.6033761850114332,0.54647857
SMC1B,37301,SMC1B,True,6,0.005153916964496922,1.8324023139621068,0.42041564
GTSE1-DT,37322,GTSE1-DT,True,4,0.0019277214598456694,1.5454376683143247,-0.03776218
AL022328.1,37361,AL022328.1,True,5,0.0012388100886211602,1.4222070459579725,-0.17661762
VCX3A,37416,VCX3A,True,4,0.0015396409295739218,1.3795289607980183,-0.26580864
RPS27AP17,37418,RPS27AP17,True,3,0.009505608407678943,2.0150930940223417,0.66026825
PSMA6P2,37453,PSMA6P2,True,6,0.008805595442665076,2.037965346599306,0.7202942
TMSB4X,37457,TMSB4X,True,14,3.3240520958118402,3.1751207222472586,1.7595551
EGFL6,37463,EGFL6,True,4,0.028445932889450392,1.8792580957292613,0.4567486
AC002524.1,37472,AC002524.1,True,4,0.012957629010379904,2.0598993484695507,0.7487856
INE2,37492,INE2,True,4,0.005706435645282789,1.816994333975913,0.34856543
AC078993.1,37497,AC078993.1,True,4,0.23311879461651072,2.0877690869096623,1.0370013
SH3KBP1,37535,SH3KBP1,True,3,0.6062881661550297,2.05462946359385,0.6644798
SMPX,37546,SMPX,True,17,0.40539916338195364,2.6623073706077323,3.614786
SAT1,37562,SAT1,True,9,0.9335881028592317,2.28056255258645,1.6564648
DMD,37614,DMD,True,9,0.37163533215945777,2.1625201529904827,1.4220194
AL591501.1,37619,AL591501.1,True,5,0.010455310905832457,2.0121912365375443,0.6659461
AL592043.1,37620,AL592043.1,True,4,0.005199893538764518,1.6858731785478343,0.23467287
CFAP47,37624,CFAP47,True,5,0.0013158804337739327,1.3261742870075255,0.22250202
KRT8P14,37710,KRT8P14,True,8,0.0017691204167568156,1.775062752828878,0.5676676
AL513366.1,37741,AL513366.1,True,4,0.0019378341775739374,1.4721606507981924,-0.20669377
AL606490.2,37775,AL606490.2,True,6,0.0021509384025288287,1.6932933877660896,0.11244776
CCNB3,37833,CCNB3,True,4,0.000997125990548229,1.2280407553749597,-0.6285085
AL929410.2,37851,AL929410.2,True,6,0.00287782214129432,1.8204664705736733,0.35991022
AC239585.2,37853,AC239585.2,True,4,0.00041421690735835405,0.8200826535942236,0.059360888
MAGED2,37892,MAGED2,True,5,0.830052392598324,2.1031179237200024,0.81629515
MTMR8,37943,MTMR8,True,5,0.008195044388095369,1.8400480602888998,0.37536445
ETF1P3,37958,ETF1P3,True,4,0.004506977816876029,1.6852352940901703,0.13997447
RN7SL388P,38036,RN7SL388P,True,4,0.002180914212684774,1.6257677203271097,0.15463841
PABPC1L2A,38046,PABPC1L2A,True,4,0.0005221388211212045,0.8875946289034259,-0.5368672
TSIX,38056,TSIX,True,4,0.10212417361570165,1.9731586472870744,0.65972835
XIST,38057,XIST,True,7,0.18005492388960828,2.046291805485007,0.8438082
HNRNPA1P25,38083,HNRNPA1P25,True,4,0.006375678412967927,1.8771304888826132,0.4487592
NEXMIF,38085,NEXMIF,True,4,0.011961190888965826,2.030291521410105,0.69022727
AC233982.1,38096,AC233982.1,True,4,0.0022132271277293843,1.5996012051062305,-0.011766032
RPL7P54,38116,RPL7P54,True,5,0.009789972515830888,1.8589664441419207,0.44984567
HNRNPH3P1,38122,HNRNPH3P1,True,6,0.0029217607639813957,1.737443283025359,0.23221025
AL391294.1,38128,AL391294.1,True,4,0.001805264876139595,1.6675314557284338,0.21920095
UBE2V1P9,38169,UBE2V1P9,True,5,0.0009918065898262142,1.3367044203998222,-0.2580796
KRT18P11,38176,KRT18P11,True,5,0.040783264048616714,2.061665326571646,0.769305
RPL7P55,38181,RPL7P55,True,5,0.005797198781861137,2.026986921279997,0.70186067
Z73417.1,38221,Z73417.1,True,5,0.00419068810520623,1.85465607648567,0.37936878
ARMCX3,38244,ARMCX3,True,4,0.5165899728272837,2.060994888670944,0.7713249
GPRASP1,38263,GPRASP1,True,3,0.01877703212283623,2.026333885703964,0.6989511
BHLHB9,38268,BHLHB9,True,5,0.006874925087311271,1.8259459031954293,0.38306636
BEX1,38283,BEX1,True,13,1.0769213959912527,2.3271978073394357,1.468402
RIPPLY1,38336,RIPPLY1,True,4,0.017901237608287462,2.0570722781215967,0.74852645
CLDN2,38337,CLDN2,True,4,0.0034937303294660265,1.7149663809550109,0.29596198
PIH1D3,38342,PIH1D3,True,4,0.0012506949555454148,1.572577038728958,0.36775544
KRT18P49,38345,KRT18P49,True,5,0.01038303561087472,1.983254809574612,0.6446256
TSC22D3,38348,TSC22D3,True,5,0.2624631951006766,2.0704969838330474,0.9919733
RPL36P18,38417,RPL36P18,True,4,0.0014481820378765813,1.5549693881850957,0.04332481
PLS3,38422,PLS3,True,5,0.9392553892237582,2.1138833909074757,0.7606588
AC005000.1,38426,AC005000.1,True,3,0.01476065790854949,2.0132123789698877,0.68254876
LINC01285,38445,LINC01285,True,4,0.004290400463599231,1.7058408003985874,0.1656337
HNRNPA1P28,38451,HNRNPA1P28,True,4,0.005650282713574143,1.925082314533829,0.5415214
AL030996.1,38507,AL030996.1,True,4,0.0018240018875578074,1.5263441132252356,-0.09679031
AL135784.1,38571,AL135784.1,True,4,0.007760144163418731,1.7388570458181176,0.21071216
STK26,38579,STK26,True,5,1.0617335678911781,2.1068751913312567,0.4969469
GPC3,38590,GPC3,True,18,1.1665868148081173,2.653786777927265,2.7735999
MIR503HG,38603,MIR503HG,True,10,0.29854476978017636,2.275134283009502,1.9544766
LINC00629,38605,LINC00629,True,4,0.008886430728239709,2.0351435049740334,0.7300344
NCLP2,38621,NCLP2,True,4,0.0011026412767077111,1.3357313574151402,-0.42105296
FHL1,38639,FHL1,True,5,0.3565552011676431,2.0914223946078367,1.1262956
Z96074.1,38660,Z96074.1,True,4,0.005607285894322771,1.9764280721256333,0.6237566
CDR1,38676,CDR1,True,4,0.005035129213463456,1.8109823382980663,0.33358234
SPANXB1,38678,SPANXB1,True,4,0.0028903236784210275,1.559503000516469,0.2242342
SLITRK2,38696,SLITRK2,True,4,0.02054622589716008,1.7060252349958007,0.44806337
MAGEA11,38717,MAGEA11,True,5,0.010833594376586186,1.6889988411690195,0.4113841
KRT18P10,38854,KRT18P10,True,3,0.039613626389980394,2.0364907534992347,0.7202876
PABPC1P5,38866,PABPC1P5,True,4,0.0015966146192819032,1.457856505273589,-0.21446554
USP9Y,38873,USP9Y,True,4,0.0013777570792615492,1.3862895973812548,-0.07056349
EIF1AY,38893,EIF1AY,True,4,0.002296041835558575,1.7359379290435022,0.22689636
MT-TF,38905,MT-TF,True,8,0.3925323821772143,2.1144739505172567,1.2479583
MT-RNR1,38906,MT-RNR1,True,18,3.2638729324969935,3.216256809654607,2.7504814
MT-TV,38907,MT-TV,True,12,0.3815654380588776,2.326280143986005,2.552423
MT-CO1,38916,MT-CO1,True,6,4.0594714901816715,2.8759963148269336,0.8870413
MT-CO2,38918,MT-CO2,True,5,3.7073044536936797,2.833003516076117,0.74427325
MT-CO3,38921,MT-CO3,True,6,3.5038323032419223,2.7004881854516034,0.7811506
MT-ND4L,38925,MT-ND4L,True,9,3.149464979429097,2.8768836986745256,1.2097886
MT-ND4,38926,MT-ND4,True,10,3.8333636840361827,2.9059101009334505,1.1520321
MT-TS2,38928,MT-TS2,True,19,0.7988574369506406,2.5490580307384985,3.4409506
MT-ND5,38930,MT-ND5,True,8,3.830689078998198,2.8688341740541135,0.9999424
MT-CYB,38932,MT-CYB,True,8,3.5275080836600305,2.7872064851292797,1.0381684
MT-TP,38934,MT-TP,True,11,0.610290897670167,2.2120190110487923,1.7368387
AL592183.1,38937,AL592183.1,True,4,0.017113162665950723,1.843792699530433,0.4151652
AC007325.4,38942,AC007325.4,True,6,0.028012276435527454,2.053761125199594,0.74107814
