library.barcode,Assigned_cluster,Pseudotime_value,Pseudotime_branch,Differentiation,CellDay
stg5diff1_S5d0_b1.bcBNTD,prog_nkx61,0.0197689554181581,1,1,0
stg5diff1_S5d0_b1.bcHPIX,prog_nkx61,0.0378440366972477,0,1,0
stg5diff1_S5d0_b1.bcEZXD,prog_nkx61,0.0318643512450851,0,1,0
stg5diff1_S5d0_b1.bcBCCZ,prog_nkx61,0.0403514480963228,1,1,0
stg5diff1_S5d0_b1.bcGZWX,prog_nkx61,0.0609436435124508,0,1,0
stg5diff1_S5d0_b1.bcHDXK,prog_nkx61,0.0572730231044581,1,1,0
stg5diff1_S5d0_b1.bcEQRV,prog_nkx61,0.062745740498034,0,1,0
stg5diff1_S5d0_b1.bcCYIK,prog_nkx61,0.0290792922673656,0,1,0
stg5diff1_S5d0_b1.bcAISW,prog_nkx61,0.080377481288643,1,1,0
stg5diff1_S5d0_b1.bcCFSW,prog_nkx61,0.0059796854521625,0,1,0
stg5diff1_S5d0_b1.bcGSKS,prog_nkx61,0.0402195281782437,0,1,0
stg5diff1_S5d0_b1.bcBXAF,prog_nkx61,0.0824868938401048,0,1,0
stg5diff1_S5d0_b1.bcIFQM,prog_nkx61,0.0439310120403514,1,1,0
stg5diff1_S5d0_b1.bcAJLH,prog_nkx61,0.0541815815164334,1,1,0
stg5diff1_S5d0_b1.bcEKWK,prog_nkx61,0.0269495412844036,0,1,0
stg5diff1_S5d0_b1.bcACNN,prog_nkx61,0.0774082568807339,0,1,0
stg5diff1_S5d0_b1.bcEWBD,prog_nkx61,0.0628276539973787,0,1,0
stg5diff1_S5d0_b1.bcFBXF,prog_nkx61,0.0719166937845753,1,1,0
stg5diff1_S5d0_b1.bcCIOG,prog_nkx61,0.0261145460462089,1,1,0
stg5diff1_S5d0_b1.bcAZEB,prog_nkx61,0.0432801822323462,1,1,0
stg5diff1_S5d0_b1.bcGCEG,prog_nkx61,0.0749267816465994,1,1,0
stg5diff1_S5d0_b1.bcFTZP,prog_nkx61,0.0663499344692005,0,1,0
stg5diff1_S5d0_b1.bcDWHV,prog_nkx61,0.0721607549625772,1,1,0
stg5diff1_S5d0_b1.bcGDGR,prog_nkx61,0.0409209241783273,1,1,0
stg5diff1_S5d0_b1.bcEWLV,prog_nkx61,0.0120403514480963,1,1,0
stg5diff1_S5d0_b1.bcDLPG,prog_nkx61,0.0694760820045558,1,1,0
stg5diff1_S5d0_b1.bcEYPJ,prog_nkx61,0.0506833712984054,1,1,0
stg5diff1_S5d0_b1.bcFLAD,prog_nkx61,0.0753604193971166,0,1,0
stg5diff1_S5d0_b1.bcEPQB,prog_nkx61,0.0368610747051114,0,1,0
stg5diff1_S5d0_b1.bcHQAZ,prog_nkx61,0.0266840221282134,1,1,0
stg5diff1_S5d0_b1.bcAMOQ,prog_nkx61,0.0794825903026358,1,1,0
stg5diff1_S5d0_b1.bcFFJN,prog_nkx61,0.0724048161405792,1,1,0
stg5diff1_S5d0_b1.bcEFTG,prog_nkx61,0.0389908256880734,0,1,0
stg5diff1_S5d0_b1.bcIDYI,prog_nkx61,0.064875491480996,0,1,0
stg5diff1_S5d0_b1.bcGIAD,prog_nkx61,0.0154572079401236,1,1,0
stg5diff1_S5d0_b1.bcFXUX,prog_nkx61,0.0175724048161405,1,1,0
stg5diff1_S5d0_b1.bcHRTH,prog_nkx61,0.0268467295802147,1,1,0
stg5diff1_S5d0_b1.bcFRNN,prog_nkx61,0.0195773263433813,0,1,0
stg5diff1_S5d0_b1.bcAOZA,prog_nkx61,0.0722421086885779,1,1,0
stg5diff1_S5d0_b1.bcIIGL,prog_nkx61,0.0844528178243774,0,1,0
stg5diff1_S5d0_b1.bcEXDE,prog_nkx61,0.0679303612105434,1,1,0
stg5diff1_S5d0_b1.bcEAHU,prog_nkx61,0.0567660550458715,0,1,0
stg5diff1_S5d0_b1.bcFDFU,prog_nkx61,0.0240807028961926,1,1,0
stg5diff1_S5d0_b1.bcIBJT,prog_nkx61,0.0501952489424015,1,1,0
stg5diff1_S5d0_b1.bcFQVQ,prog_nkx61,0.0140072083879423,0,1,0
stg5diff1_S5d0_b1.bcEPGZ,prog_nkx61,0.014089121887287,0,1,0
stg5diff1_S5d0_b1.bcEYXY,prog_nkx61,0.0924803407601572,0,1,0
stg5diff1_S5d0_b1.bcBGID,prog_nkx61,0.0715923984272608,0,1,0
stg5diff1_S5d0_b1.bcAWVH,prog_nkx61,0.0523917995444191,1,1,0
stg5diff1_S5d0_b1.bcCUUY,prog_nkx61,0.0133519003931847,0,1,0
stg5diff1_S5d0_b1.bcGGBA,prog_nkx61,0.0502766026684022,1,1,0
stg5diff1_S5d0_b1.bcFKFC,prog_nkx61,0.0062642369020501,1,1,0
stg5diff1_S5d0_b1.bcGHSN,prog_nkx61,0.0227790432801822,1,1,0
stg5diff1_S5d0_b1.bcIFPA,prog_nkx61,0.0740498034076015,0,1,0
stg5diff1_S5d0_b1.bcGZFB,prog_nkx61,0.0371786527822974,1,1,0
stg5diff1_S5d0_b1.bcHFHG,prog_nkx61,0.0810283110966482,1,1,0
stg5diff1_S5d0_b1.bcFOHG,prog_nkx61,0.0617627785058977,0,1,0
stg5diff1_S5d0_b1.bcGWAD,prog_nkx61,0.0099115334207077,0,1,0
stg5diff1_S5d0_b1.bcBYKG,prog_nkx61,0.0669233289646133,0,1,0
stg5diff1_S5d0_b1.bcAATJ,prog_nkx61,0.0593068662544744,1,1,0
stg5diff1_S5d0_b1.bcAEMR,prog_nkx61,0.0215587373901724,1,1,0
stg5diff1_S5d0_b1.bcAOGK,prog_nkx61,0.0260331923202082,1,1,0
stg5diff1_S5d0_b1.bcFAUE,prog_nkx61,0.0271952817824377,0,1,0
stg5diff1_S5d0_b1.bcAMZW,prog_nkx61,0.02391874180865,0,1,0
stg5diff1_S5d0_b1.bcAQOA,prog_nkx61,0.0160550458715596,0,1,0
stg5diff1_S5d0_b1.bcAVIE,prog_nkx61,0.0891218872870249,0,1,0
stg5diff1_S5d0_b1.bcEYPQ,prog_nkx61,0.0487385321100917,0,1,0
stg5diff1_S5d0_b1.bcDFKL,prog_nkx61,0.0346566872762772,1,1,0
stg5diff1_S5d0_b1.bcFDCC,prog_nkx61,0.0776114546046208,1,1,0
stg5diff1_S5d0_b1.bcCEOV,prog_nkx61,0.0648389196225187,1,1,0
stg5diff1_S5d0_b1.bcGGSA,prog_nkx61,0.054751057598438,1,1,0
stg5diff1_S5d0_b1.bcEVJP,prog_nkx61,0.0287992190042303,1,1,0
stg5diff1_S5d0_b1.bcGWIS,prog_nkx61,0.039131142206313,1,1,0
stg5diff1_S5d0_b1.bcGDLJ,prog_nkx61,0.0056947608200455,1,1,0
stg5diff1_S5d0_b1.bcIEGQ,prog_nkx61,0.0412844036697247,0,1,0
stg5diff1_S5d1_b1.bcCMDG,neurog3_early,0.1545720794012365,1,1,1
stg5diff1_S5d1_b1.bcGIJL,neurog3_late,0.4375819134993446,0,1,1
stg5diff1_S5d1_b1.bcEFKH,neurog3_mid,0.2251057598438008,1,1,1
stg5diff1_S5d1_b1.bcEYKG,neurog3_mid,0.1852883355176933,0,1,1
stg5diff1_S5d1_b1.bcCETM,neurog3_early,0.1888925294888597,0,1,1
stg5diff1_S5d1_b1.bcCHDV,neurog3_mid,0.3121723460026212,0,1,1
stg5diff1_S5d1_b1.bcAZZT,neurog3_early,0.2009437032216075,1,1,1
stg5diff1_S5d1_b1.bcCMUJ,neurog3_early,0.1987221494102228,0,1,1
stg5diff1_S5d1_b1.bcIEHX,prog_nkx61,0.0984600262123197,0,1,1
stg5diff1_S5d1_b1.bcHNAG,neurog3_mid,0.2095671981776765,1,1,1
stg5diff1_S5d1_b1.bcANOB,neurog3_early,0.2192824377457405,0,1,1
stg5diff1_S5d1_b1.bcCFYM,neurog3_early,0.1482634338138925,0,1,1
stg5diff1_S5d1_b1.bcGEJB,neurog3_early,0.141880898145135,1,1,1
stg5diff1_S5d1_b1.bcEPUS,prog_nkx61,0.1254095674967234,0,1,1
stg5diff1_S5d1_b1.bcHYBJ,neurog3_early,0.1492027334851936,1,1,1
stg5diff1_S5d1_b1.bcHSOC,neurog3_mid,0.2268955418158151,1,1,1
stg5diff1_S5d1_b1.bcAWPY,prog_nkx61,0.1018548649528148,1,1,1
stg5diff1_S5d1_b1.bcBAZR,prog_nkx61,0.0957568807339449,0,1,1
stg5diff1_S5d1_b1.bcGWSO,neurog3_early,0.1440774487471526,1,1,1
stg5diff1_S5d1_b1.bcBZMK,neurog3_early,0.1591579292267365,0,1,1
stg5diff1_S5d1_b1.bcHKZB,prog_nkx61,0.0969855832241153,0,1,1
stg5diff1_S5d1_b1.bcFQLC,prog_nkx61,0.0930686625447445,1,1,1
stg5diff1_S5d1_b1.bcBKBY,prog_nkx61,0.1237390172469899,1,1,1
stg5diff1_S5d1_b1.bcHKNL,neurog3_early,0.1673492791612057,0,1,1
stg5diff1_S5d1_b1.bcCZVU,prog_nkx61,0.0888382687927107,1,1,1
stg5diff1_S5d1_b1.bcEACG,neurog3_early,0.1422876667751383,1,1,1
stg5diff1_S5d1_b1.bcAGZS,neurog3_mid,0.1972827855515782,1,1,1
stg5diff1_S5d1_b1.bcBAPM,neurog3_early,0.1856492027334852,1,1,1
stg5diff1_S5d1_b1.bcEQJK,prog_nkx61,0.0794012365766352,1,1,1
stg5diff1_S5d1_b1.bcBIQR,neurog3_early,0.1965104849279161,0,1,1
stg5diff1_S5d1_b1.bcIHFC,neurog3_early,0.1619429882044561,0,1,1
stg5diff1_S5d1_b1.bcEBIN,neurog3_late,0.3760982753010088,1,1,1
stg5diff1_S5d1_b1.bcGXDV,neurog3_early,0.2050927432476407,1,1,1
stg5diff1_S5d1_b1.bcCHLY,prog_nkx61,0.0983781127129751,0,1,1
stg5diff1_S5d1_b1.bcEUTL,neurog3_early,0.166124308493329,1,1,1
stg5diff1_S5d1_b1.bcBWPO,neurog3_early,0.1918320859095346,1,1,1
stg5diff1_S5d1_b1.bcCADC,prog_nkx61,0.0964041653107712,1,1,1
stg5diff1_S5d1_b1.bcGMLL,prog_nkx61,0.0969736413927757,1,1,1
stg5diff1_S5d1_b1.bcEAEV,neurog3_early,0.1736902050113895,1,1,1
stg5diff1_S5d1_b1.bcIBWE,neurog3_mid,0.306378132118451,1,1,1
stg5diff1_S5d1_b1.bcAWWU,neurog3_early,0.1992352749755938,1,1,1
stg5diff1_S5d1_b1.bcHFKM,neurog3_mid,0.1910222804718217,0,1,1
stg5diff1_S5d1_b1.bcASRW,neurog3_early,0.1684141546526867,0,1,1
stg5diff1_S5d1_b1.bcIBFF,neurog3_early,0.2169069462647444,0,1,1
stg5diff1_S5d1_b1.bcIBAC,prog_nkx61,0.1000982961992136,0,1,1
stg5diff1_S5d1_b1.bcGXGX,prog_nkx61,0.14000976244712,1,1,1
stg5diff1_S5d1_b1.bcBIHM,neurog3_early,0.1570126911812561,1,1,1
stg5diff1_S5d1_b1.bcDYET,neurog3_early,0.2006880733944954,0,1,1
stg5diff1_S5d1_b1.bcBIQJ,neurog3_early,0.152131467621217,1,1,1
stg5diff1_S5d1_b1.bcFGND,neurog3_early,0.169151376146789,0,1,1
stg5diff1_S5d1_b1.bcAUSG,neurog3_early,0.1622193296452977,1,1,1
stg5diff1_S5d1_b1.bcFNVI,neurog3_early,0.1549788480312398,1,1,1
stg5diff1_S5d1_b1.bcGMYL,neurog3_mid,0.2268141880898145,1,1,1
stg5diff1_S5d1_b1.bcIGNE,prog_nkx61,0.0978047182175622,0,1,1
stg5diff1_S5d1_b1.bcGSKT,prog_nkx61,0.1318807339449541,0,1,1
stg5diff1_S5d1_b1.bcHHKJ,neurog3_early,0.1535958346892287,1,1,1
stg5diff1_S5d1_b1.bcHGAR,prog_nkx61,0.0946957370647575,1,1,1
stg5diff1_S5d1_b1.bcHCTX,neurog3_early,0.1584207077326343,0,1,1
stg5diff1_S5d1_b1.bcFMKP,prog_nkx61,0.1182883176049463,1,1,1
stg5diff1_S5d1_b1.bcFHJA,neurog3_early,0.1612876802096985,0,1,1
stg5diff1_S5d1_b1.bcDVUG,neurog3_early,0.2007699868938401,0,1,1
stg5diff1_S5d1_b1.bcEAOF,neurog3_early,0.1890660592255125,1,1,1
stg5diff1_S5d2_b1.bcBIGJ,neurog3_early,0.1883338756915066,1,1,2
stg5diff1_S5d2_b1.bcGFJQ,neurog3_mid,0.2578099576960624,1,1,2
stg5diff1_S5d2_b1.bcHGOP,neurog3_mid,0.2568337129840546,1,1,2
stg5diff1_S5d2_b1.bcEJOY,neurog3_mid,0.2313699967458509,1,1,2
stg5diff1_S5d2_b1.bcEBYR,neurog3_mid,0.2352555701179554,0,1,2
stg5diff1_S5d2_b1.bcGYHW,neurog3_mid,0.2329157175398633,1,1,2
stg5diff1_S5d2_b1.bcHKCL,neurog3_mid,0.2656454783748361,0,1,2
stg5diff1_S5d2_b1.bcBFYB,neurog3_early,0.1859746176374878,1,1,2
stg5diff1_S5d2_b1.bcDWMX,neurog3_mid,0.2523754914809961,0,1,2
stg5diff1_S5d2_b1.bcCHFV,neurog3_mid,0.2690858453473132,0,1,2
stg5diff1_S5d2_b1.bcCGKO,neurog3_mid,0.3443703221607549,1,1,2
stg5diff1_S5d2_b1.bcDQHS,neurog3_mid,0.2187909567496723,0,1,2
stg5diff1_S5d2_b1.bcAZRA,neurog3_early,0.14228374836173,0,1,2
stg5diff1_S5d2_b1.bcAJUK,neurog3_early,0.1996231979030144,0,1,2
stg5diff1_S5d2_b1.bcCRPL,neurog3_mid,0.239505369345916,1,1,2
stg5diff1_S5d2_b1.bcEVTE,neurog3_mid,0.2236238532110091,0,1,2
stg5diff1_S5d2_b1.bcGYOW,neurog3_late,0.3313401048492791,0,1,2
stg5diff1_S5d2_b1.bcFNDR,neurog3_early,0.0964941022280471,0,1,2
stg5diff1_S5d2_b1.bcGWZG,neurog3_mid,0.2872600065082981,1,1,2
stg5diff1_S5d2_b1.bcEKKH,neurog3_early,0.1698665798893589,1,1,2
stg5diff1_S5d2_b1.bcHQCW,neurog3_mid,0.3272860397006183,1,1,2
stg5diff1_S5d2_b1.bcDSHU,neurog3_mid,0.311503416856492,1,1,2
stg5diff1_S5d2_b1.bcEIGN,neurog3_early,0.1545707732634338,0,1,2
stg5diff1_S5d2_b1.bcDUZT,prog_nkx61,0.0792103538663171,0,1,2
stg5diff1_S5d2_b1.bcAHRL,neurog3_mid,0.3275720838794233,0,1,2
stg5diff1_S5d2_b1.bcABYS,neurog3_mid,0.2469692005242464,0,1,2
stg5diff1_S5d2_b1.bcEMUC,neurog3_mid,0.2842398427260812,0,1,2
stg5diff1_S5d2_b1.bcDXLD,neurog3_mid,0.2477064220183486,0,1,2
stg5diff1_S5d2_b1.bcBCBI,neurog3_mid,0.265153997378768,0,1,2
stg5diff1_S5d2_b1.bcFBGG,neurog3_mid,0.3229030144167759,0,1,2
stg5diff1_S5d2_b1.bcBLPJ,neurog3_mid,0.2916120576671035,0,1,2
stg5diff1_S5d2_b1.bcAXPT,neurog3_mid,0.2689554181581516,1,1,2
stg5diff1_S5d2_b1.bcHKTF,neurog3_mid,0.2948259030263586,1,1,2
stg5diff1_S5d2_b1.bcHAOL,neurog3_mid,0.2484436435124508,0,1,2
stg5diff1_S5d2_b1.bcEOPD,neurog3_mid,0.3034493979824276,1,1,2
stg5diff1_S5d2_b1.bcFCTU,neurog3_early,0.1760494630654084,1,1,2
stg5diff1_S5d2_b1.bcAWRN,neurog3_mid,0.2420273348519362,1,1,2
stg5diff1_S5d2_b1.bcAKLJ,neurog3_mid,0.3438008460787504,1,1,2
stg5diff1_S5d2_b1.bcATWM,neurog3_mid,0.3530751708428246,1,1,2
stg5diff1_S5d2_b1.bcHMNG,neurog3_early,0.1927424639580603,0,1,2
stg5diff1_S5d2_b1.bcHALK,neurog3_early,0.1960624796615685,1,1,2
stg5diff1_S5d2_b1.bcBITI,neurog3_mid,0.2224770642201834,0,1,2
stg5diff1_S5d2_b1.bcBNOC,neurog3_mid,0.271884152294175,1,1,2
stg5diff1_S5d2_b1.bcFZAR,neurog3_mid,0.2060943643512451,0,1,2
stg5diff1_S5d2_b1.bcBMFN,neurog3_mid,0.2893184796854521,0,1,2
stg5diff1_S5d2_b1.bcGWGO,neurog3_mid,0.2976736566186107,0,1,2
stg5diff1_S5d2_b1.bcBDTS,prog_nkx61,0.1106410673608851,1,1,2
stg5diff1_S5d2_b1.bcIBBZ,neurog3_mid,0.2540137614678899,0,1,2
stg5diff1_S5d2_b1.bcFYXO,neurog3_early,0.2196550602017572,1,1,2
stg5diff1_S5d2_b1.bcBEZC,neurog3_mid,0.2987385321100917,0,1,2
stg5diff1_S5d2_b1.bcAXGI,prog_nkx61,0.1317169069462647,0,1,2
stg5diff1_S5d2_b1.bcEYHJ,neurog3_mid,0.2499186462739993,1,1,2
stg5diff1_S5d2_b1.bcHSJD,neurog3_mid,0.2322247706422018,0,1,2
stg5diff1_S5d2_b1.bcAMAQ,neurog3_mid,0.287748128864302,1,1,2
stg5diff1_S5d2_b1.bcADAE,neurog3_mid,0.3129914809960681,0,1,2
stg5diff1_S5d2_b1.bcARQW,neurog3_mid,0.219248291571754,1,1,2
stg5diff1_S5d2_b1.bcGHSL,neurog3_mid,0.2259174311926605,0,1,2
stg5diff1_S5d3_b1.bcAPKZ,neurog3_late,0.3740989515072084,0,1,3
stg5diff1_S5d3_b1.bcCFHC,sc_beta,0.912883435582822,1,1,3
stg5diff1_S5d3_b1.bcFHFK,sc_beta,0.5229038854805726,1,1,3
stg5diff1_S5d3_b1.bcGVPS,sc_ec,0.4594528178243774,0,1,3
stg5diff1_S5d3_b1.bcELJW,prog_nkx61,0.121135698014969,1,1,3
stg5diff1_S5d3_b1.bcERLH,neurog3_late,0.4435615989515072,0,1,3
stg5diff1_S5d3_b1.bcDXPZ,neurog3_late,0.3665629095674967,0,1,3
stg5diff1_S5d3_b1.bcBPZF,neurog3_mid,0.2333715596330275,0,1,3
stg5diff1_S5d3_b1.bcIECT,neurog3_late,0.3795871559633027,0,1,3
stg5diff1_S5d3_b1.bcFYCY,sc_ec,0.6247062279670975,0,1,3
stg5diff1_S5d3_b1.bcFAIP,neurog3_early,0.1702733485193621,1,1,3
stg5diff1_S5d3_b1.bcBICX,neurog3_early,0.1460299381711682,1,1,3
stg5diff1_S5d3_b1.bcIHHH,neurog3_early,0.1965506020175724,1,1,3
stg5diff1_S5d3_b1.bcFQMR,neurog3_late,0.4222258379433778,1,1,3
stg5diff1_S5d3_b1.bcGCLJ,neurog3_late,0.3617800195248942,1,1,3
stg5diff1_S5d3_b1.bcBZLY,neurog3_mid,0.3248454279205988,1,1,3
stg5diff1_S5d3_b1.bcFEZU,neurog3_mid,0.2466415465268676,0,1,3
stg5diff1_S5d3_b1.bcFFYB,sc_ec,0.5800528789659225,0,1,3
stg5diff1_S5d3_b1.bcGCRA,neurog3_late,0.3742627785058978,0,1,3
stg5diff1_S5d3_b1.bcCOMB,neurog3_mid,0.2690367718841523,1,1,3
stg5diff1_S5d3_b1.bcHFRG,neurog3_late,0.3830946957370648,1,1,3
stg5diff1_S5d3_b1.bcAYTK,neurog3_late,0.328506345590628,1,1,3
stg5diff1_S5d3_b1.bcASJB,neurog3_late,0.4337780670354702,1,1,3
stg5diff1_S5d3_b1.bcAATY,neurog3_late,0.3557503276539974,0,1,3
stg5diff1_S5d3_b1.bcBKWN,neurog3_early,0.1522941750732183,1,1,3
stg5diff1_S5d3_b1.bcHRHG,sc_beta,0.7441717791411043,1,1,3
stg5diff1_S5d3_b1.bcFPCM,neurog3_mid,0.2544233289646134,0,1,3
stg5diff1_S5d3_b1.bcEGBV,neurog3_late,0.4145785876993166,1,1,3
stg5diff1_S5d3_b1.bcHJNW,neurog3_mid,0.3134829619921363,0,1,3
stg5diff1_S5d3_b1.bcFBZJ,neurog3_mid,0.2425968109339407,1,1,3
stg5diff1_S5d3_b1.bcFNCA,neurog3_late,0.3863488447770908,1,1,3
stg5diff1_S5d3_b1.bcENRW,neurog3_mid,0.3227391874180865,0,1,3
stg5diff1_S5d3_b1.bcAMIJ,neurog3_early,0.164891874180865,0,1,3
stg5diff1_S5d3_b1.bcAKZL,neurog3_late,0.56786133960047,0,1,3
stg5diff1_S5d3_b1.bcGLZZ,neurog3_mid,0.3039375203384315,1,1,3
stg5diff1_S5d3_b1.bcHIQM,prog_nkx61,0.1239017246989912,1,1,3
stg5diff1_S5d3_b1.bcGMFQ,neurog3_late,0.4659941425317279,1,1,3
stg5diff1_S5d3_b1.bcBNYR,neurog3_late,0.325524246395806,0,1,3
stg5diff1_S5d3_b1.bcGCCM,prog_nkx61,0.1199213630406291,0,1,3
stg5diff1_S5d3_b1.bcAFZZ,neurog3_late,0.4149737876802097,0,1,3
stg5diff1_S5d3_b1.bcCZSW,neurog3_late,0.4273427260812582,0,1,3
stg5diff1_S5d3_b1.bcHIIV,neurog3_late,0.4738041002277904,1,1,3
stg5diff1_S5d3_b1.bcEFBJ,neurog3_late,0.4061178001952489,1,1,3
stg5diff1_S5d3_b1.bcHBBQ,neurog3_late,0.4763260657338106,1,1,3
stg5diff1_S5d3_b1.bcIFEB,neurog3_late,0.3409534656687276,1,1,3
stg5diff1_S5d3_b1.bcGLIP,neurog3_late,0.3394495412844037,0,1,3
stg5diff1_S5d3_b1.bcHRSR,neurog3_late,0.4470019659239843,0,1,3
stg5diff1_S5d3_b1.bcBNSY,neurog3_late,0.334043250327654,0,1,3
stg5diff1_S5d3_b1.bcCVKS,neurog3_mid,0.3426441677588466,0,1,3
stg5diff1_S5d3_b1.bcCNTO,neurog3_late,0.4218190693133745,1,1,3
stg5diff1_S5d3_b1.bcGTAK,neurog3_late,0.4817332896461336,0,1,3
stg5diff1_S5d3_b1.bcHTRR,neurog3_late,0.3323299707126586,1,1,3
stg5diff1_S5d3_b1.bcIBCS,neurog3_late,0.4189875491480996,0,1,3
stg5diff1_S5d3_b1.bcDHWA,neurog3_late,0.3656036446469248,1,1,3
stg5diff1_S5d3_b1.bcGOPJ,neurog3_mid,0.3263433813892529,0,1,3
stg5diff1_S5d3_b1.bcHVMB,neurog3_mid,0.2401703800786369,0,1,3
stg5diff1_S5d3_b1.bcGZLE,neurog3_late,0.3985910878112713,0,1,3
stg5diff1_S5d3_b1.bcEXVM,sc_beta,0.9190184049079756,1,1,3
stg5diff1_S5d3_b1.bcDJYN,neurog3_mid,0.3360091743119266,0,1,3
stg5diff1_S5d3_b1.bcBPOQ,neurog3_early,0.1543250327653997,0,1,3
stg5diff1_S5d3_b1.bcAMDK,neurog3_late,0.337373901724699,1,1,3
stg5diff1_S5d3_b1.bcAZUR,sc_beta,0.6914110429447853,1,1,3
stg5diff1_S5d3_b1.bcENWL,sc_beta,0.569120654396728,1,1,3
stg5diff1_S5d3_b1.bcDQXI,neurog3_late,0.3772372274650179,1,1,3
stg5diff1_S5d3_b1.bcHPGR,neurog3_mid,0.3119266055045872,0,1,3
stg5diff1_S5d3_b1.bcGNEX,neurog3_mid,0.2997884803123983,1,1,3
stg5diff1_S5d4_b1.bcHYVL,sc_ec,0.6742068155111633,0,1,4
stg5diff1_S5d4_b1.bcCYOO,sc_ec,0.466743119266055,0,1,4
stg5diff1_S5d4_b1.bcICBS,sc_ec,0.6687720329024677,0,1,4
stg5diff1_S5d4_b1.bcGHMN,sc_beta,0.8192229038854806,1,1,4
stg5diff1_S5d4_b1.bcFTBI,neurog3_late,0.402375528799219,1,1,4
stg5diff1_S5d4_b1.bcGKXK,neurog3_mid,0.2290920924178327,1,1,4
stg5diff1_S5d4_b1.bcHMCN,neurog3_late,0.3890072083879423,0,1,4
stg5diff1_S5d4_b1.bcAFXP,sc_beta,0.650920245398773,1,1,4
stg5diff1_S5d4_b1.bcGHTA,neurog3_mid,0.3150393184796854,0,1,4
stg5diff1_S5d4_b1.bcEYQP,neurog3_late,0.4166124308493329,1,1,4
stg5diff1_S5d4_b1.bcBGCE,sc_beta,0.5633946830265849,1,1,4
stg5diff1_S5d4_b1.bcCWDA,neurog3_mid,0.2852261633582818,1,1,4
stg5diff1_S5d4_b1.bcALAI,sc_ec,0.5060223266745005,0,1,4
stg5diff1_S5d4_b1.bcGDNT,neurog3_mid,0.2892365661861075,0,1,4
stg5diff1_S5d4_b1.bcFWQT,neurog3_mid,0.371805373525557,0,1,4
stg5diff1_S5d4_b1.bcDZHI,neurog3_late,0.4269443540514155,1,1,4
stg5diff1_S5d4_b1.bcBAZN,neurog3_late,0.3695117955439056,0,1,4
stg5diff1_S5d4_b1.bcEYBN,sc_beta,0.6077709611451942,1,1,4
stg5diff1_S5d4_b1.bcGPDP,neurog3_mid,0.2849007484542792,1,1,4
stg5diff1_S5d4_b1.bcESOX,neurog3_late,0.3719692005242463,0,1,4
stg5diff1_S5d4_b1.bcGIVO,neurog3_mid,0.2514643670680117,1,1,4
stg5diff1_S5d4_b1.bcCXVO,sc_beta,0.4723397331597787,1,1,4
stg5diff1_S5d4_b1.bcHERH,neurog3_late,0.7067484662576687,1,1,4
stg5diff1_S5d4_b1.bcGPVS,neurog3_late,0.423410878112713,0,1,4
stg5diff1_S5d4_b1.bcAYIS,neurog3_mid,0.2611454604620891,1,1,4
stg5diff1_S5d4_b1.bcAJZP,neurog3_mid,0.3026358607224211,1,1,4
stg5diff1_S5d4_b1.bcEAVJ,prog_nkx61,0.1142693315858453,0,1,4
stg5diff1_S5d4_b1.bcCYPG,neurog3_late,0.3556684141546526,0,1,4
stg5diff1_S5d4_b1.bcDENE,sc_beta,0.4740481614057923,1,1,4
stg5diff1_S5d4_b1.bcFGON,neurog3_late,0.4837292547998698,1,1,4
stg5diff1_S5d4_b1.bcFMCE,neurog3_mid,0.3489261308167914,1,1,4
stg5diff1_S5d4_b1.bcEVZH,prog_nkx61,0.1384338138925294,0,1,4
stg5diff1_S5d4_b1.bcDYDT,sc_beta,0.4925154572079401,1,1,4
stg5diff1_S5d4_b1.bcEAKT,sc_ec,0.5149823736780259,0,1,4
stg5diff1_S5d4_b1.bcDCFY,sc_ec,0.6361633372502937,0,1,4
stg5diff1_S5d4_b1.bcEEKH,neurog3_late,0.3896029938171168,1,1,4
stg5diff1_S5d4_b1.bcHBBX,sc_ec,0.7541128084606346,0,1,4
stg5diff1_S5d4_b1.bcELCL,prog_nkx61,0.1306540839570452,1,1,4
stg5diff1_S5d4_b1.bcASXM,sc_beta,0.5329243353783231,1,1,4
stg5diff1_S5d4_b1.bcHSRM,neurog3_mid,0.3209370904325033,0,1,4
stg5diff1_S5d4_b1.bcCYHU,neurog3_mid,0.2347868532378783,1,1,4
stg5diff1_S5d4_b1.bcFMCK,neurog3_mid,0.2427096985583224,0,1,4
stg5diff1_S5d4_b1.bcCKGK,prog_nkx61,0.1341522941750732,1,1,4
stg5diff1_S5d4_b1.bcFPJQ,sc_ec,0.7263513513513513,0,1,4
stg5diff1_S5d4_b1.bcGYLO,neurog3_mid,0.3016055045871559,0,1,4
stg5diff1_S5d4_b1.bcAUVZ,sc_ec,0.5756462984723855,0,1,4
stg5diff1_S5d4_b1.bcHISC,prog_nkx61,0.1251638269986894,0,1,4
stg5diff1_S5d4_b1.bcGPXH,neurog3_late,0.4302798568174422,1,1,4
stg5diff1_S5d4_b1.bcHMWF,neurog3_mid,0.264089121887287,0,1,4
stg5diff1_S5d4_b1.bcBETY,sc_ec,0.8664806110458285,0,1,4
stg5diff1_S5d4_b1.bcAJBR,sc_ec,0.8055229142185664,0,1,4
stg5diff1_S5d4_b1.bcHUXJ,sc_ec,0.5411280846063454,0,1,4
stg5diff1_S5d4_b1.bcBEGC,neurog3_late,0.4581422018348624,0,1,4
stg5diff1_S5d4_b1.bcAJGP,neurog3_mid,0.3682830930537352,0,1,4
stg5diff1_S5d4_b1.bcCQWL,neurog3_late,0.4323950536934591,1,1,4
stg5diff1_S5d4_b1.bcHENK,neurog3_late,0.4474454930035795,1,1,4
stg5diff1_S5d4_b1.bcGLOZ,neurog3_late,0.4487221494102228,0,1,4
stg5diff1_S5d4_b1.bcHBAT,neurog3_mid,0.3139744429882045,0,1,4
stg5diff1_S5d4_b1.bcEGUG,neurog3_late,0.4256426944354051,1,1,4
stg5diff1_S5d4_b1.bcICBZ,neurog3_late,0.4528961926456232,1,1,4
stg5diff1_S5d5_b1.bcCXWS,neurog3_late,0.4835665473478685,1,1,5
stg5diff1_S5d5_b1.bcAHZK,neurog3_late,0.3963553530751708,1,1,5
stg5diff1_S5d5_b1.bcGZUB,sc_ec,0.6029670975323149,0,1,5
stg5diff1_S5d5_b1.bcERMZ,neurog3_late,0.3679554390563564,0,1,5
stg5diff1_S5d5_b1.bcFNCC,neurog3_mid,0.368125610152945,1,1,5
stg5diff1_S5d5_b1.bcCQBK,sc_beta,0.6368098159509202,1,1,5
stg5diff1_S5d5_b1.bcDVYY,neurog3_late,0.5922444183313749,0,1,5
stg5diff1_S5d5_b1.bcABOU,sc_beta,0.5222903885480572,1,1,5
stg5diff1_S5d5_b1.bcGTOL,sc_beta,0.596523517382413,1,1,5
stg5diff1_S5d5_b1.bcCRDZ,neurog3_early,0.2085909534656687,1,1,5
stg5diff1_S5d5_b1.bcCWHB,sc_beta,0.6112474437627812,1,1,5
stg5diff1_S5d5_b1.bcBERO,neurog3_late,0.4275138301334201,1,1,5
stg5diff1_S5d5_b1.bcFVWF,neurog3_mid,0.3430686625447445,1,1,5
stg5diff1_S5d5_b1.bcGCRX,sc_ec,0.5039659224441834,0,1,5
stg5diff1_S5d5_b1.bcGSEY,sc_beta,0.8914110429447852,1,1,5
stg5diff1_S5d5_b1.bcCGST,neurog3_late,0.477627725349821,1,1,5
stg5diff1_S5d5_b1.bcBBIW,sc_ec,0.6498237367802585,0,1,5
stg5diff1_S5d5_b1.bcEYPG,sc_beta,0.7386503067484662,1,1,5
stg5diff1_S5d5_b1.bcAANM,sc_ec,0.6749412455934195,0,1,5
stg5diff1_S5d5_b1.bcCKIZ,sc_ec,0.7790834312573442,0,1,5
stg5diff1_S5d5_b1.bcBRQC,neurog3_mid,0.2661080377481288,1,1,5
stg5diff1_S5d5_b1.bcFQFR,sc_ec,0.6692126909518215,0,1,5
stg5diff1_S5d5_b1.bcETAG,sc_ec,0.6020857814336076,0,1,5
stg5diff1_S5d5_b1.bcABGZ,neurog3_mid,0.2578636959370904,0,1,5
stg5diff1_S5d5_b1.bcDASA,sc_ec,0.681551116333725,0,1,5
stg5diff1_S5d5_b1.bcFRWY,neurog3_late,0.3156524568825252,1,1,5
stg5diff1_S5d5_b1.bcEXKQ,sc_ec,0.8136016451233843,0,1,5
stg5diff1_S5d5_b1.bcFKWP,sc_ec,0.5744712103407755,0,1,5
stg5diff1_S5d5_b1.bcEYJY,sc_beta,0.8556237218813906,1,1,5
stg5diff1_S5d5_b1.bcDKLS,sc_ec,0.4551114023591088,0,1,5
stg5diff1_S5d5_b1.bcIFVS,sc_ec,0.7451527614571093,0,1,5
stg5diff1_S5d5_b1.bcBZON,sc_beta,0.6280163599182004,1,1,5
stg5diff1_S5d5_b1.bcCYFU,sc_beta,0.7132924335378323,1,1,5
stg5diff1_S5d5_b1.bcBWJW,neurog3_mid,0.3844200524246395,0,1,5
stg5diff1_S5d5_b1.bcCOWM,sc_beta,0.6572597137014315,1,1,5
stg5diff1_S5d5_b1.bcEYRS,neurog3_late,0.45478374836173,0,1,5
stg5diff1_S5d5_b1.bcHWFV,neurog3_mid,0.2640741945981126,1,1,5
stg5diff1_S5d5_b1.bcCVHP,neurog3_late,0.4449235274975593,1,1,5
stg5diff1_S5d5_b1.bcICDM,sc_beta,0.9668711656441716,1,1,5
stg5diff1_S5d5_b1.bcHNVU,sc_ec,0.8616333725029377,0,1,5
stg5diff1_S5d5_b1.bcCBIV,sc_beta,0.5648261758691207,1,1,5
stg5diff1_S5d5_b1.bcENIJ,sc_ec,0.5583137485311398,0,1,5
stg5diff1_S5d5_b1.bcERLP,neurog3_late,0.3650065530799475,0,1,5
stg5diff1_S5d5_b1.bcBHLW,sc_ec,0.8368096357226792,0,1,5
stg5diff1_S5d5_b1.bcGCYY,sc_beta,0.4939798242759518,1,1,5
stg5diff1_S5d5_b1.bcIGSB,sc_ec,0.6681844888366628,0,1,5
stg5diff1_S5d5_b1.bcHJBH,sc_ec,0.9481492361927144,0,1,5
stg5diff1_S5d5_b1.bcHJUM,sc_beta,0.8370143149284254,1,1,5
stg5diff1_S5d5_b1.bcBMMD,neurog3_late,0.6417177914110429,1,1,5
stg5diff1_S5d5_b1.bcBJKU,sc_beta,0.5738241308793456,1,1,5
stg5diff1_S5d5_b1.bcHWOO,sc_ec,0.5478848413631022,0,1,5
stg5diff1_S5d5_b1.bcBASY,sc_ec,0.6194183313748531,0,1,5
stg5diff1_S5d5_b1.bcAVBI,sc_beta,0.5815950920245399,1,1,5
stg5diff1_S5d5_b1.bcIJJJ,neurog3_late,0.3583631630328669,1,1,5
stg5diff1_S5d5_b1.bcDZSF,sc_beta,0.967280163599182,1,1,5
stg5diff1_S5d5_b1.bcAXGP,sc_beta,0.5942740286298569,1,1,5
stg5diff1_S5d5_b1.bcDXDA,neurog3_late,0.5581668625146886,0,1,5
stg5diff1_S5d5_b1.bcFLZR,sc_ec,0.4510157273918742,0,1,5
stg5diff1_S5d5_b1.bcHHOQ,neurog3_mid,0.2111730013106159,0,1,5
stg5diff1_S5d5_b1.bcDRUH,sc_beta,0.6732106339468302,1,1,5
stg5diff1_S5d5_b1.bcGHIZ,sc_beta,0.6404907975460122,1,1,5
stg5diff1_S5d5_b1.bcCVJQ,sc_beta,0.8198364008179959,1,1,5
stg5diff1_S5d5_b1.bcEXAV,neurog3_mid,0.2904652686762778,0,1,5
stg5diff1_S5d5_b1.bcEVNZ,sc_ec,0.5008813160987075,0,1,5
stg5diff1_S5d6_b1.bcESIO,sc_ec,0.9109870740305523,0,1,6
stg5diff1_S5d6_b1.bcFKLA,neurog3_mid,0.2504914809960681,0,1,6
stg5diff1_S5d6_b1.bcHHYK,neurog3_late,0.7936605316973415,1,1,6
stg5diff1_S5d6_b1.bcFXJJ,neurog3_late,0.3707289293849658,1,1,6
stg5diff1_S5d6_b1.bcGIAZ,sc_beta,0.8,1,1,6
stg5diff1_S5d6_b1.bcGYHC,sc_beta,0.959918200408998,1,1,6
stg5diff1_S5d6_b1.bcEUDN,sc_beta,0.9351738241308792,1,1,6
stg5diff1_S5d6_b1.bcHKFN,sc_ec,0.7995005875440657,0,1,6
stg5diff1_S5d6_b1.bcHXLU,neurog3_late,0.4488040629095675,0,1,6
stg5diff1_S5d6_b1.bcBLVU,prog_nkx61,0.0897331597787178,1,1,6
stg5diff1_S5d6_b1.bcCCXZ,neurog3_early,0.1571753986332574,1,1,6
stg5diff1_S5d6_b1.bcFQWB,neurog3_late,0.4152195281782437,0,1,6
stg5diff1_S5d6_b1.bcHZCR,sc_ec,0.8561985898942421,0,1,6
stg5diff1_S5d6_b1.bcGCLW,neurog3_late,0.3970875366091767,1,1,6
stg5diff1_S5d6_b1.bcGAEP,sc_ec,0.9296415981198588,0,1,6
stg5diff1_S5d6_b1.bcBSSC,sc_ec,0.624412455934195,0,1,6
stg5diff1_S5d6_b1.bcELVX,sc_ec,0.5647767332549941,0,1,6
stg5diff1_S5d6_b1.bcEAPR,sc_beta,0.7098159509202454,1,1,6
stg5diff1_S5d6_b1.bcGIMT,neurog3_late,0.4589163683696713,1,1,6
stg5diff1_S5d6_b1.bcFUGU,sc_ec,0.613689776733255,0,1,6
stg5diff1_S5d6_b1.bcHGFA,sc_beta,0.9881390593047036,1,1,6
stg5diff1_S5d6_b1.bcFKIG,neurog3_late,0.4131955743573056,1,1,6
stg5diff1_S5d6_b1.bcALLL,neurog3_late,0.5853407755581669,0,1,6
stg5diff1_S5d6_b1.bcGFVL,neurog3_late,0.5443595769682726,0,1,6
stg5diff1_S5d6_b1.bcEBLT,sc_beta,0.9051124744376278,1,1,6
stg5diff1_S5d6_b1.bcHMSW,sc_ec,0.7498531139835487,0,1,6
stg5diff1_S5d6_b1.bcFZXC,sc_ec,0.4993446920052424,0,1,6
stg5diff1_S5d6_b1.bcEXTI,neurog3_late,0.718200408997955,1,1,6
stg5diff1_S5d6_b1.bcHVHB,sc_ec,0.8353407755581669,0,1,6
stg5diff1_S5d6_b1.bcHSWG,neurog3_late,0.4563944028636512,1,1,6
stg5diff1_S5d6_b1.bcCKOP,sc_beta,0.9423312883435584,1,1,6
stg5diff1_S5d6_b1.bcDZQB,neurog3_late,0.5742331288343558,1,1,6
stg5diff1_S5d6_b1.bcHKKD,sc_beta,0.5554192229038855,1,1,6
stg5diff1_S5d6_b1.bcHIRK,sc_ec,0.5746180963572268,0,1,6
stg5diff1_S5d6_b1.bcBYRY,sc_ec,0.9550528789659224,0,1,6
stg5diff1_S5d6_b1.bcGJMN,sc_ec,0.7207696827262045,0,1,6
stg5diff1_S5d6_b1.bcAJZV,sc_ec,0.7320064629847238,0,1,6
stg5diff1_S5d6_b1.bcDRYU,neurog3_late,0.4822247706422018,0,1,6
stg5diff1_S5d6_b1.bcAASU,sc_ec,0.9653349001175088,0,1,6
stg5diff1_S5d6_b1.bcDOGD,sc_ec,0.8478260869565217,0,1,6
stg5diff1_S5d6_b1.bcEEPT,sc_ec,0.8227085781433607,0,1,6
stg5diff1_S5d6_b1.bcFSSC,sc_ec,0.6333725029377203,0,1,6
stg5diff1_S5d6_b1.bcFUKV,sc_ec,0.743096357226792,0,1,6
stg5diff1_S5d6_b1.bcETWI,sc_beta,0.8124744376278119,1,1,6
stg5diff1_S5d6_b1.bcFASD,sc_ec,0.7329612220916568,0,1,6
stg5diff1_S5d6_b1.bcFJIA,neurog3_late,0.4051415554832411,1,1,6
stg5diff1_S5d6_b1.bcFWBZ,sc_beta,0.8881390593047035,1,1,6
stg5diff1_S5d6_b1.bcCVJX,sc_ec,0.9966216216216216,0,1,6
stg5diff1_S5d6_b1.bcBDBA,neurog3_late,0.385372600065083,1,1,6
stg5diff1_S5d6_b1.bcEFVZ,sc_beta,0.9355828220858896,1,1,6
stg5diff1_S5d6_b1.bcFCST,sc_beta,0.9975460122699388,1,1,6
stg5diff1_S5d6_b1.bcFCZZ,neurog3_late,0.4434796854521625,0,1,6
stg5diff1_S5d6_b1.bcFIEG,sc_ec,0.7250293772032903,0,1,6
stg5diff1_S5d6_b1.bcGGVH,neurog3_mid,0.3040188740644322,1,1,6
stg5diff1_S5d6_b1.bcDMPT,sc_ec,0.6910987074030552,0,1,6
stg5diff1_S5d6_b1.bcDLAO,sc_beta,0.905521472392638,1,1,6
stg5diff1_S5d6_b1.bcCBSN,neurog3_late,0.48935124508519,0,1,6
stg5diff1_S5d6_b1.bcEBDF,sc_ec,0.6305816686251469,0,1,6
stg5diff1_S5d6_b1.bcGIDS,sc_ec,0.8747062279670975,0,1,6
stg5diff1_S5d7_b1.bcGQYI,neurog3_late,0.4475268467295802,1,1,7
stg5diff1_S5d7_b1.bcAQVU,neurog3_late,0.3718678815489749,1,1,7
stg5diff1_S5d7_b1.bcFCKQ,sc_beta,0.6464212678936605,1,1,7
stg5diff1_S5d7_b1.bcGJNM,sc_beta,0.8075664621676892,1,1,7
stg5diff1_S5d7_b1.bcCMSY,neurog3_late,0.620593419506463,0,1,7
stg5diff1_S5d7_b1.bcBQSJ,sc_beta,0.849079754601227,1,1,7
stg5diff1_S5d7_b1.bcCUBF,sc_beta,0.6834355828220859,1,1,7
stg5diff1_S5d7_b1.bcFWQG,sc_ec,0.9907461809635724,0,1,7
stg5diff1_S5d7_b1.bcCWNG,sc_beta,0.8948875255623722,1,1,7
stg5diff1_S5d7_b1.bcEGWR,sc_ec,0.7138660399529965,0,1,7
stg5diff1_S5d7_b1.bcFBTJ,sc_ec,0.7583725029377204,0,1,7
stg5diff1_S5d7_b1.bcDFCM,sc_ec,0.9656286721504111,0,1,7
stg5diff1_S5d7_b1.bcFWXS,sc_beta,0.7705521472392638,1,1,7
stg5diff1_S5d7_b1.bcHOXQ,sc_ec,0.9891304347826086,0,1,7
stg5diff1_S5d7_b1.bcGYWV,neurog3_late,0.4642043605597136,1,1,7
stg5diff1_S5d7_b1.bcHEYG,sc_beta,0.5057259713701432,1,1,7
stg5diff1_S5d7_b1.bcDYFV,sc_beta,0.8773006134969326,1,1,7
stg5diff1_S5d7_b1.bcIIZM,prog_nkx61,0.1255287992190042,1,1,7
stg5diff1_S5d7_b1.bcBUUM,sc_ec,0.8676556991774382,0,1,7
stg5diff1_S5d7_b1.bcEJIV,sc_beta,0.8002044989775051,1,1,7
stg5diff1_S5d7_b1.bcHLCW,neurog3_late,0.4684347543117474,1,1,7
stg5diff1_S5d7_b1.bcGPAA,sc_ec,0.8419506462984724,0,1,7
stg5diff1_S5d7_b1.bcATBE,neurog3_mid,0.2543931012040351,1,1,7
stg5diff1_S5d7_b1.bcHIXM,sc_ec,0.8265276145710928,0,1,7
stg5diff1_S5d7_b1.bcEEEH,sc_ec,0.8481198589894242,0,1,7
stg5diff1_S5d7_b1.bcGTOX,sc_beta,0.5435582822085889,1,1,7
stg5diff1_S5d7_b1.bcAQYQ,sc_ec,0.8210928319623971,0,1,7
stg5diff1_S5d7_b1.bcBACI,sc_ec,0.9419800235017626,0,1,7
stg5diff1_S5d7_b1.bcERDE,sc_beta,0.5226993865030675,1,1,7
stg5diff1_S5d7_b1.bcCOMH,neurog3_late,0.3445330296127563,1,1,7
stg5diff1_S5d7_b1.bcEOVY,sc_ec,0.9858989424206815,0,1,7
stg5diff1_S5d7_b1.bcBSJI,sc_beta,0.5355828220858896,1,1,7
stg5diff1_S5d7_b1.bcGMBJ,sc_ec,0.8607520564042304,0,1,7
stg5diff1_S5d7_b1.bcDUPK,sc_ec,0.8547297297297297,0,1,7
stg5diff1_S5d7_b1.bcIJOY,sc_ec,0.9728260869565216,0,1,7
stg5diff1_S5d7_b1.bcHLWH,sc_ec,0.6705346650998825,0,1,7
stg5diff1_S5d7_b1.bcHTUN,sc_ec,0.6800822561692127,0,1,7
stg5diff1_S5d7_b1.bcHENK,neurog3_late,0.3781946264744429,0,1,7
stg5diff1_S5d7_b1.bcFHPN,sc_ec,0.6468860164512338,0,1,7
stg5diff1_S5d7_b1.bcAHIF,sc_ec,0.8299059929494712,0,1,7
stg5diff1_S5d7_b1.bcCDTV,neurog3_late,0.4640416531077123,1,1,7
stg5diff1_S5d7_b1.bcGXFP,sc_ec,0.5168918918918919,0,1,7
stg5diff1_S5d7_b1.bcEODO,sc_beta,0.798159509202454,1,1,7
stg5diff1_S5d7_b1.bcAICI,neurog3_mid,0.2380410022779043,1,1,7
stg5diff1_S5d7_b1.bcFUOJ,sc_beta,0.9824130879345604,1,1,7
stg5diff1_S5d7_b1.bcHVWZ,sc_ec,0.9791421856639247,0,1,7
stg5diff1_S5d7_b1.bcGGOS,neurog3_mid,0.2023267165636186,1,1,7
stg5diff1_S5d7_b1.bcGZAJ,sc_ec,0.9372796709753232,0,1,7
stg5diff1_S5d7_b1.bcBAZU,sc_ec,0.6938895417156287,0,1,7
stg5diff1_S5d7_b1.bcEMXF,sc_beta,0.7447852760736197,1,1,7
stg5diff1_S5d7_b1.bcGDDY,neurog3_mid,0.2151806052717214,1,1,7
stg5diff1_S5d7_b1.bcDFEH,prog_nkx61,0.1263423364790107,1,1,7
stg5diff1_S5d7_b1.bcGAPF,neurog3_late,0.4125447445493003,1,1,7
stg5diff1_S5d7_b1.bcFIHA,sc_ec,0.7655699177438308,0,1,7
stg5diff1_S5d7_b1.bcHEHK,sc_beta,0.8840490797546012,1,1,7
stg5diff1_S5d7_b1.bcFBSR,sc_ec,0.4658420707732634,0,1,7
stg5diff1_S5d7_b1.bcBLEY,neurog3_late,0.7577849588719154,0,1,7
stg5diff1_S5d7_b1.bcAQWX,neurog3_late,0.4162844036697247,0,1,7
stg5diff1_S5d7_b1.bcAZLX,sc_ec,0.8401880141010576,0,1,7
stg5diff1_S5d7_b1.bcDDOZ,sc_beta,0.9609406952965236,1,1,7
stg5diff1_S5d7_b1.bcEKGA,sc_ec,0.8384253819036428,0,1,7
stg5diff1_S5d7_b1.bcHOLQ,neurog3_late,0.3455906280507647,1,1,7
stg5diff1_S5d7_b1.bcCTRB,sc_beta,0.8208588957055214,1,1,7
stg5diff1_S5d7_b1.bcFGYT,neurog3_late,0.4793577981651376,0,1,7
stg5diff1_S5d7_b1.bcDLGT,sc_ec,0.8943889541715628,0,1,7
stg5diff1_S5d7_b1.bcDXDI,sc_beta,0.8719836400817995,1,1,7
stg5diff1_S5d7_b1.bcCAEM,sc_ec,0.9400705052878966,0,1,7
stg5diff1_S5d7_b1.bcGNPO,sc_beta,0.5147239263803681,1,1,7
stg5diff2_S5d0_b1.bcAGWR,prog_nkx61,0.0347380410022779,1,2,0
stg5diff2_S5d0_b1.bcHRWE,prog_nkx61,0.0109827530100878,1,2,0
stg5diff2_S5d0_b1.bcHESB,prog_nkx61,0.0283924503742271,1,2,0
stg5diff2_S5d0_b1.bcCTOS,prog_nkx61,0.0276867627785059,0,2,0
stg5diff2_S5d0_b1.bcBVTD,prog_nkx61,0.0704523267165636,1,2,0
stg5diff2_S5d0_b1.bcCXYL,prog_nkx61,0.0180209698558322,0,2,0
stg5diff2_S5d0_b1.bcFIKN,prog_nkx61,0.001383013342011,1,2,0
stg5diff2_S5d0_b1.bcEBVV,prog_nkx61,0.0403833551769331,0,2,0
stg5diff2_S5d0_b1.bcENPR,prog_nkx61,0.0709404490725675,1,2,0
stg5diff2_S5d0_b1.bcGLKY,prog_nkx61,0.0092743247640741,1,2,0
stg5diff2_S5d0_b1.bcEOGZ,prog_nkx61,0.0078913114220631,1,2,0
stg5diff2_S5d0_b1.bcBUKE,prog_nkx61,0.0413276928083306,1,2,0
stg5diff2_S5d0_b1.bcGQAE,prog_nkx61,0.0767529488859764,0,2,0
stg5diff2_S5d0_b1.bcFOZO,prog_nkx61,0.0324601366742596,1,2,0
stg5diff2_S5d0_b1.bcAHOH,prog_nkx61,0.0005694760820045,1,2,0
stg5diff2_S5d0_b1.bcEUZE,prog_nkx61,0.05848623853211,0,2,0
stg5diff2_S5d0_b1.bcIGEW,prog_nkx61,0.0070777741620566,1,2,0
stg5diff2_S5d0_b1.bcAGYI,prog_nkx61,0.0724115334207077,0,2,0
stg5diff2_S5d0_b1.bcFXXX,prog_nkx61,0.0402700943703221,1,2,0
stg5diff2_S5d0_b1.bcCWHZ,prog_nkx61,0.0316465994142531,1,2,0
stg5diff2_S5d0_b1.bcEBXR,prog_nkx61,0.0677424639580602,0,2,0
stg5diff2_S5d0_b1.bcDIEH,prog_nkx61,0.0474279161205766,0,2,0
stg5diff2_S5d0_b1.bcDBJL,prog_nkx61,0.0041490400260331,1,2,0
stg5diff2_S5d0_b1.bcBLXE,prog_nkx61,0.0634010484927916,0,2,0
stg5diff2_S5d0_b1.bcGHYO,prog_nkx61,0.0445609436435124,0,2,0
stg5diff2_S5d0_b1.bcAQCY,prog_nkx61,0.0112221494102228,0,2,0
stg5diff2_S5d0_b1.bcAJRO,prog_nkx61,0.0448066841415465,0,2,0
stg5diff2_S5d0_b1.bcHPPU,prog_nkx61,0.0741945981125935,1,2,0
stg5diff2_S5d0_b1.bcHVJN,prog_nkx61,0.0179390563564875,0,2,0
stg5diff2_S5d0_b1.bcBXYL,prog_nkx61,0.0275789131142206,1,2,0
stg5diff2_S5d0_b1.bcDEUL,prog_nkx61,0.0248197903014416,0,2,0
stg5diff2_S5d0_b1.bcEPNX,prog_nkx61,0.0400260331923202,1,2,0
stg5diff2_S5d0_b1.bcDFRQ,prog_nkx61,0.0621723460026212,0,2,0
stg5diff2_S5d0_b1.bcDMKB,prog_nkx61,0.0861730013106159,0,2,0
stg5diff2_S5d0_b1.bcBOPS,prog_nkx61,0.0682339449541284,0,2,0
stg5diff2_S5d0_b1.bcFSBE,prog_nkx61,0.0793198828506345,1,2,0
stg5diff2_S5d0_b1.bcDTBX,prog_nkx61,0.035632372214941,0,2,0
stg5diff2_S5d0_b1.bcBGMX,prog_nkx61,0.0549639580602883,0,2,0
stg5diff2_S5d0_b1.bcELHI,prog_nkx61,0.0514969085584119,1,2,0
stg5diff2_S5d0_b1.bcFATF,prog_nkx61,0.0597136348844777,1,2,0
stg5diff2_S5d0_b1.bcBQBS,prog_nkx61,0.0602017572404816,1,2,0
stg5diff2_S5d0_b1.bcEUOZ,prog_nkx61,0.0820859095346566,1,2,0
stg5diff2_S5d0_b1.bcFYDY,prog_nkx61,0.0268676277850589,0,2,0
stg5diff2_S5d0_b1.bcBKRC,prog_nkx61,0.0330296127562642,1,2,0
stg5diff2_S5d0_b1.bcIGCG,prog_nkx61,0.0576671035386631,0,2,0
stg5diff2_S5d0_b1.bcFGDK,prog_nkx61,0.0381548974943052,1,2,0
stg5diff2_S5d0_b1.bcHKAG,prog_nkx61,0.0770419785226163,1,2,0
stg5diff2_S5d0_b1.bcGJOY,prog_nkx61,0.017529488859764,0,2,0
stg5diff2_S5d0_b1.bcETFD,prog_nkx61,0.0276602668402212,1,2,0
stg5diff2_S5d0_b1.bcAMDJ,prog_nkx61,0.0751965923984272,0,2,0
stg5diff2_S5d0_b1.bcBHZZ,prog_nkx61,0.050786369593709,0,2,0
stg5diff2_S5d0_b1.bcHYHS,prog_nkx61,0.0173656618610747,0,2,0
stg5diff2_S5d0_b1.bcEMZX,prog_nkx61,0.0785550458715596,0,2,0
stg5diff2_S5d0_b1.bcDWXU,prog_nkx61,0.0698722149410222,0,2,0
stg5diff2_S5d0_b1.bcBPXU,prog_nkx61,0.0875655307994757,0,2,0
stg5diff2_S5d0_b1.bcCKTE,prog_nkx61,0.0357956394402863,1,2,0
stg5diff2_S5d0_b1.bcAPXQ,prog_nkx61,0.0089285714285714,0,2,0
stg5diff2_S5d0_b1.bcASJU,prog_nkx61,0.0843709043250327,0,2,0
stg5diff2_S5d0_b1.bcGHXA,prog_nkx61,0.0457077326343381,0,2,0
stg5diff2_S5d0_b1.bcEXCD,prog_nkx61,0.0003254149040026,1,2,0
stg5diff2_S5d0_b1.bcELHZ,prog_nkx61,0.0756589651806052,1,2,0
stg5diff2_S5d0_b1.bcCHMC,prog_nkx61,0.0511714936544093,1,2,0
stg5diff2_S5d0_b1.bcBSXP,prog_nkx61,0.1055865006553079,0,2,0
stg5diff2_S5d0_b1.bcDGNM,prog_nkx61,0.0184672958021477,1,2,0
stg5diff2_S5d0_b1.bcALNJ,prog_nkx61,0.0104849279161205,0,2,0
stg5diff2_S5d0_b1.bcEHTO,prog_nkx61,0.0630491376505043,1,2,0
stg5diff2_S5d0_b1.bcGZSO,prog_nkx61,0.0643507972665148,1,2,0
stg5diff2_S5d0_b1.bcGELN,prog_nkx61,0.0759843800846078,1,2,0
stg5diff2_S5d0_b1.bcFWMO,prog_nkx61,0.080133420110641,1,2,0
stg5diff2_S5d1_b1.bcDRSP,prog_nkx61,0.1107224210868857,1,2,1
stg5diff2_S5d1_b1.bcFQAY,neurog3_early,0.1941913439635535,1,2,1
stg5diff2_S5d1_b1.bcEPOO,neurog3_early,0.1845916042954767,1,2,1
stg5diff2_S5d1_b1.bcGOYZ,prog_nkx61,0.1202490170380078,0,2,1
stg5diff2_S5d1_b1.bcAEKO,neurog3_early,0.1757240481614058,1,2,1
stg5diff2_S5d1_b1.bcEXGD,neurog3_mid,0.2502440611780019,1,2,1
stg5diff2_S5d1_b1.bcDWAB,prog_nkx61,0.0903026358607224,1,2,1
stg5diff2_S5d1_b1.bcGRWY,neurog3_mid,0.2586009174311927,0,2,1
stg5diff2_S5d1_b1.bcCNKS,prog_nkx61,0.1187745740498034,0,2,1
stg5diff2_S5d1_b1.bcEGWR,prog_nkx61,0.1379759192971038,1,2,1
stg5diff2_S5d1_b1.bcAIQO,prog_nkx61,0.1345019659239842,0,2,1
stg5diff2_S5d1_b1.bcCDKK,neurog3_early,0.1660386631716907,0,2,1
stg5diff2_S5d1_b1.bcESLB,prog_nkx61,0.089613368283093,0,2,1
stg5diff2_S5d1_b1.bcDBFF,prog_nkx61,0.1244266055045871,0,2,1
stg5diff2_S5d1_b1.bcIAGE,neurog3_early,0.1849170191994793,1,2,1
stg5diff2_S5d1_b1.bcGGUI,prog_nkx61,0.0831422018348623,0,2,1
stg5diff2_S5d1_b1.bcDJUB,neurog3_mid,0.2077326343381389,0,2,1
stg5diff2_S5d1_b1.bcFLMD,prog_nkx61,0.0937909567496723,0,2,1
stg5diff2_S5d1_b1.bcEQZN,prog_nkx61,0.0780182232346241,1,2,1
stg5diff2_S5d1_b1.bcHOTF,prog_nkx61,0.0934633027522935,0,2,1
stg5diff2_S5d1_b1.bcHSMR,prog_nkx61,0.1036205766710353,0,2,1
stg5diff2_S5d1_b1.bcAWEN,prog_nkx61,0.0959973966807679,1,2,1
stg5diff2_S5d1_b1.bcIEHX,neurog3_early,0.1564432150992515,1,2,1
stg5diff2_S5d1_b1.bcDPAU,prog_nkx61,0.1331760494630654,1,2,1
stg5diff2_S5d1_b1.bcFDSS,neurog3_mid,0.2030589000976244,1,2,1
stg5diff2_S5d1_b1.bcBRFW,neurog3_early,0.1548165137614678,0,2,1
stg5diff2_S5d1_b1.bcDAZL,neurog3_early,0.1585845347313237,0,2,1
stg5diff2_S5d1_b1.bcGOWH,neurog3_early,0.1565245688252522,1,2,1
stg5diff2_S5d1_b1.bcFENA,neurog3_early,0.1984764089121887,0,2,1
stg5diff2_S5d1_b1.bcGSDX,neurog3_early,0.1531890660592255,1,2,1
stg5diff2_S5d1_b1.bcGUEZ,neurog3_mid,0.2370576671035386,0,2,1
stg5diff2_S5d1_b1.bcFVWI,neurog3_early,0.1562805076472502,1,2,1
stg5diff2_S5d1_b1.bcCFBQ,neurog3_mid,0.1947083879423329,0,2,1
stg5diff2_S5d1_b1.bcCLZI,neurog3_early,0.1730832241153342,0,2,1
stg5diff2_S5d1_b1.bcBXDG,neurog3_mid,0.2561828831760495,1,2,1
stg5diff2_S5d1_b1.bcHBLO,neurog3_early,0.1981776765375854,1,2,1
stg5diff2_S5d1_b1.bcEGAE,prog_nkx61,0.1308167914090465,1,2,1
stg5diff2_S5d1_b1.bcCBCP,neurog3_late,0.3378620240807028,1,2,1
stg5diff2_S5d1_b1.bcFPFP,neurog3_early,0.1452977546371623,1,2,1
stg5diff2_S5d1_b1.bcDGGH,neurog3_early,0.1552229092092417,1,2,1
stg5diff2_S5d1_b1.bcELCR,neurog3_mid,0.2604849279161206,0,2,1
stg5diff2_S5d1_b1.bcEMDS,neurog3_early,0.145379108363163,1,2,1
stg5diff2_S5d1_b1.bcHDVP,neurog3_early,0.1428571428571428,0,2,1
stg5diff2_S5d1_b1.bcCCMB,neurog3_early,0.1450688073394495,0,2,1
stg5diff2_S5d1_b1.bcGYWZ,neurog3_early,0.1806866254474455,1,2,1
stg5diff2_S5d1_b1.bcEMRC,neurog3_early,0.1508298080052066,1,2,1
stg5diff2_S5d1_b1.bcGLBO,neurog3_early,0.1716563618613732,1,2,1
stg5diff2_S5d1_b1.bcCFKH,prog_nkx61,0.0877293577981651,0,2,1
stg5diff2_S5d1_b1.bcFTOK,prog_nkx61,0.0931500162707452,1,2,1
stg5diff2_S5d1_b1.bcDLBL,neurog3_mid,0.2315694626474443,0,2,1
stg5diff2_S5d1_b1.bcEBVL,neurog3_early,0.179384965831435,1,2,1
stg5diff2_S5d1_b1.bcCNBS,prog_nkx61,0.1150884665792922,0,2,1
stg5diff2_S5d1_b1.bcGOSU,neurog3_early,0.1278067035470224,1,2,1
stg5diff2_S5d1_b1.bcEGSH,prog_nkx61,0.0873739017246989,1,2,1
stg5diff2_S5d1_b1.bcGPVF,neurog3_early,0.1610419397116644,0,2,1
stg5diff2_S5d1_b1.bcGKDR,neurog3_early,0.1639908256880733,0,2,1
stg5diff2_S5d1_b1.bcGMFZ,neurog3_early,0.1481451350471851,1,2,1
stg5diff2_S5d1_b1.bcHIAH,neurog3_early,0.1702981651376146,0,2,1
stg5diff2_S5d1_b1.bcANND,neurog3_early,0.1609600262123197,0,2,1
stg5diff2_S5d1_b1.bcEZUT,prog_nkx61,0.1238532110091743,0,2,1
stg5diff2_S5d1_b1.bcBXUP,prog_nkx61,0.085502766026684,1,2,1
stg5diff2_S5d1_b1.bcCTZT,prog_nkx61,0.1299219004230394,1,2,1
stg5diff2_S5d1_b1.bcFISY,neurog3_early,0.2096166448230668,0,2,1
stg5diff2_S5d1_b1.bcBMEG,neurog3_early,0.1618610747051114,0,2,1
stg5diff2_S5d1_b1.bcDZLT,prog_nkx61,0.0807028961926456,1,2,1
stg5diff2_S5d1_b1.bcIFTR,neurog3_early,0.1760321100917431,0,2,1
stg5diff2_S5d1_b1.bcGCPX,prog_nkx61,0.1260169215750081,1,2,1
stg5diff2_S5d1_b1.bcEOQG,neurog3_early,0.1950360419397116,0,2,1
stg5diff2_S5d1_b1.bcENIW,prog_nkx61,0.1127129750982962,0,2,1
stg5diff2_S5d2_b1.bcGYAD,neurog3_mid,0.2954619921363041,0,2,2
stg5diff2_S5d2_b1.bcIBKT,neurog3_mid,0.2883989586723072,1,2,2
stg5diff2_S5d2_b1.bcHTFF,prog_nkx61,0.1031290956749672,0,2,2
stg5diff2_S5d2_b1.bcCELR,neurog3_mid,0.2617962902700944,1,2,2
stg5diff2_S5d2_b1.bcCNFK,neurog3_late,0.4176700292873413,1,2,2
stg5diff2_S5d2_b1.bcBXYG,neurog3_mid,0.2706638464041653,1,2,2
stg5diff2_S5d2_b1.bcAWMO,neurog3_mid,0.2888870810283111,1,2,2
stg5diff2_S5d2_b1.bcCFXN,neurog3_mid,0.2323885976408912,0,2,2
stg5diff2_S5d2_b1.bcHFYA,neurog3_late,0.2967726081258191,0,2,2
stg5diff2_S5d2_b1.bcHBPB,neurog3_mid,0.239749430523918,1,2,2
stg5diff2_S5d2_b1.bcFBQN,neurog3_late,0.3313537260006508,1,2,2
stg5diff2_S5d2_b1.bcCNLI,neurog3_mid,0.3227302310445818,1,2,2
stg5diff2_S5d2_b1.bcDPNB,neurog3_mid,0.3022290920924178,1,2,2
stg5diff2_S5d2_b1.bcBKWY,neurog3_mid,0.2380406290956749,0,2,2
stg5diff2_S5d2_b1.bcBQTC,neurog3_early,0.2000488122356004,1,2,2
stg5diff2_S5d2_b1.bcERUK,neurog3_late,0.3612105434428896,1,2,2
stg5diff2_S5d2_b1.bcGTZD,neurog3_late,0.3669866579889358,1,2,2
stg5diff2_S5d2_b1.bcHXZB,neurog3_mid,0.235091743119266,0,2,2
stg5diff2_S5d2_b1.bcBHJE,prog_nkx61,0.0700455580865603,1,2,2
stg5diff2_S5d2_b1.bcEQWD,prog_nkx61,0.105832241153342,0,2,2
stg5diff2_S5d2_b1.bcFGZR,neurog3_mid,0.2794500488122356,1,2,2
stg5diff2_S5d2_b1.bcGBRV,neurog3_late,0.4189716889033518,1,2,2
stg5diff2_S5d2_b1.bcFOCG,neurog3_mid,0.3211009174311927,0,2,2
stg5diff2_S5d2_b1.bcFZZL,neurog3_mid,0.234026867627785,0,2,2
stg5diff2_S5d2_b1.bcHDLS,neurog3_mid,0.268348623853211,0,2,2
stg5diff2_S5d2_b1.bcGRVK,neurog3_mid,0.3123361730013106,0,2,2
stg5diff2_S5d2_b1.bcAWFL,neurog3_mid,0.2776602668402212,1,2,2
stg5diff2_S5d2_b1.bcEAMS,neurog3_mid,0.2152686762778506,0,2,2
stg5diff2_S5d2_b1.bcDLPF,neurog3_mid,0.2504095674967234,0,2,2
stg5diff2_S5d2_b1.bcCDTY,neurog3_mid,0.2256716906946264,0,2,2
stg5diff2_S5d2_b1.bcBQMG,neurog3_early,0.1724698991213797,1,2,2
stg5diff2_S5d2_b1.bcBMGN,neurog3_mid,0.2436544093719492,1,2,2
stg5diff2_S5d2_b1.bcBUDE,neurog3_early,0.1908558411975268,1,2,2
stg5diff2_S5d2_b1.bcBDDK,neurog3_mid,0.2526033192320208,1,2,2
stg5diff2_S5d2_b1.bcHVBB,neurog3_mid,0.212483617300131,0,2,2
stg5diff2_S5d2_b1.bcHIAQ,neurog3_mid,0.2555320533680442,1,2,2
stg5diff2_S5d2_b1.bcGUNV,neurog3_mid,0.3078424991864627,1,2,2
stg5diff2_S5d2_b1.bcHEWG,neurog3_mid,0.2853075170842825,1,2,2
stg5diff2_S5d2_b1.bcBCGC,neurog3_mid,0.3222477064220183,0,2,2
stg5diff2_S5d2_b1.bcCEMG,neurog3_mid,0.3100425950196592,0,2,2
stg5diff2_S5d2_b1.bcEVET,neurog3_mid,0.3773999349170192,1,2,2
stg5diff2_S5d2_b1.bcEHYS,neurog3_mid,0.281372870249017,0,2,2
stg5diff2_S5d2_b1.bcBXPD,neurog3_late,0.4325851900393185,0,2,2
stg5diff2_S5d2_b1.bcEOZW,neurog3_mid,0.2285226163358281,1,2,2
stg5diff2_S5d2_b1.bcHLXP,neurog3_mid,0.2716251638269987,0,2,2
stg5diff2_S5d2_b1.bcGXKR,neurog3_mid,0.2447933615359583,1,2,2
stg5diff2_S5d2_b1.bcEVLM,neurog3_mid,0.3116661243084933,1,2,2
stg5diff2_S5d2_b1.bcGEDK,neurog3_mid,0.270501138952164,1,2,2
stg5diff2_S5d2_b1.bcEKDT,neurog3_mid,0.3138925294888597,0,2,2
stg5diff2_S5d2_b1.bcGASQ,neurog3_mid,0.2795314025382363,1,2,2
stg5diff2_S5d2_b1.bcDHFN,neurog3_mid,0.2919785226163358,1,2,2
stg5diff2_S5d2_b1.bcBDBW,neurog3_mid,0.2658093053735255,0,2,2
stg5diff2_S5d2_b1.bcFQSB,neurog3_mid,0.2675294888597641,0,2,2
stg5diff2_S5d2_b1.bcFSEL,prog_nkx61,0.0995769606247966,1,2,2
stg5diff2_S5d2_b1.bcCGNA,neurog3_mid,0.3286369593709043,0,2,2
stg5diff2_S5d2_b1.bcGTXL,neurog3_mid,0.2609827530100879,1,2,2
stg5diff2_S5d2_b1.bcEIVV,neurog3_late,0.3684469200524246,0,2,2
stg5diff2_S5d2_b1.bcIFBQ,neurog3_mid,0.2415629095674967,0,2,2
stg5diff2_S5d2_b1.bcIACO,neurog3_mid,0.2745740498034076,0,2,2
stg5diff2_S5d2_b1.bcCLLU,neurog3_mid,0.2043741808650065,0,2,2
stg5diff2_S5d2_b1.bcGUAY,neurog3_early,0.1771884152294175,1,2,2
stg5diff2_S5d2_b1.bcGXCK,neurog3_mid,0.2843312723722746,1,2,2
stg5diff2_S5d2_b1.bcENXN,prog_nkx61,0.1218678815489749,1,2,2
stg5diff2_S5d2_b1.bcBXMA,prog_nkx61,0.0883501464367068,1,2,2
stg5diff2_S5d2_b1.bcEWQW,neurog3_mid,0.2954767328343638,1,2,2
stg5diff2_S5d2_b1.bcEORO,neurog3_mid,0.2382850634559062,1,2,2
stg5diff2_S5d2_b1.bcBXNL,neurog3_mid,0.2927588466579292,0,2,2
stg5diff2_S5d2_b1.bcFTDT,neurog3_mid,0.2558977719528178,0,2,2
stg5diff2_S5d2_b1.bcGHQD,neurog3_mid,0.2408070289619264,1,2,2
stg5diff2_S5d2_b1.bcFLIS,neurog3_early,0.2207568807339449,0,2,2
stg5diff2_S5d2_b1.bcHWZF,neurog3_mid,0.2347054995118776,1,2,2
stg5diff2_S5d2_b1.bcGALP,neurog3_late,0.2245249017038008,0,2,2
stg5diff2_S5d2_b1.bcAPJU,neurog3_mid,0.2706422018348624,0,2,2
stg5diff2_S5d2_b1.bcDGGV,neurog3_mid,0.2841685649202733,1,2,2
stg5diff2_S5d2_b1.bcHBTG,neurog3_mid,0.2732634338138925,0,2,2
stg5diff2_S5d3_b1.bcBGVI,sc_beta,0.4725837943377807,1,2,3
stg5diff2_S5d3_b1.bcDHXJ,sc_beta,0.6783231083844581,1,2,3
stg5diff2_S5d3_b1.bcFIFU,neurog3_early,0.1840596330275229,0,2,3
stg5diff2_S5d3_b1.bcBIFQ,sc_beta,0.816359918200409,1,2,3
stg5diff2_S5d3_b1.bcESFM,sc_beta,0.5192229038854805,1,2,3
stg5diff2_S5d3_b1.bcHLEJ,neurog3_mid,0.3177676537585421,1,2,3
stg5diff2_S5d3_b1.bcFNVD,neurog3_mid,0.3529124633908232,1,2,3
stg5diff2_S5d3_b1.bcCRIN,neurog3_early,0.1574194598112593,1,2,3
stg5diff2_S5d3_b1.bcEXYJ,sc_ec,0.8673619271445359,0,2,3
stg5diff2_S5d3_b1.bcDNCH,neurog3_early,0.1727953140253823,1,2,3
stg5diff2_S5d3_b1.bcFXGO,neurog3_late,0.4237715587373902,1,2,3
stg5diff2_S5d3_b1.bcHDXA,neurog3_late,0.3667425968109339,1,2,3
stg5diff2_S5d3_b1.bcBOPP,neurog3_early,0.4549475753604194,0,2,3
stg5diff2_S5d3_b1.bcBETC,neurog3_late,0.4521640091116173,1,2,3
stg5diff2_S5d3_b1.bcHIVM,neurog3_mid,0.3054832411324438,1,2,3
stg5diff2_S5d3_b1.bcCGME,neurog3_late,0.2861238532110092,0,2,3
stg5diff2_S5d3_b1.bcAFFN,sc_beta,0.4205987634233648,1,2,3
stg5diff2_S5d3_b1.bcFISY,neurog3_early,0.1567824377457405,0,2,3
stg5diff2_S5d3_b1.bcFEMA,neurog3_late,0.396543250327654,0,2,3
stg5diff2_S5d3_b1.bcHDPZ,neurog3_mid,0.3352719528178244,0,2,3
stg5diff2_S5d3_b1.bcGJSB,neurog3_mid,0.3663990825688073,0,2,3
stg5diff2_S5d3_b1.bcIJZP,neurog3_late,0.352749755938822,1,2,3
stg5diff2_S5d3_b1.bcHBSB,neurog3_mid,0.3705662219329645,1,2,3
stg5diff2_S5d3_b1.bcHTJG,neurog3_late,0.338302752293578,0,2,3
stg5diff2_S5d3_b1.bcDRMB,neurog3_late,0.5449471210340775,0,2,3
stg5diff2_S5d3_b1.bcEYOL,neurog3_early,0.1721444842173771,1,2,3
stg5diff2_S5d3_b1.bcEGYZ,neurog3_mid,0.1969200524246395,0,2,3
stg5diff2_S5d3_b1.bcFWPB,neurog3_late,0.4892613081679141,1,2,3
stg5diff2_S5d3_b1.bcDRDV,sc_ec,0.529524089306698,0,2,3
stg5diff2_S5d3_b1.bcCWLN,neurog3_early,0.1766874180865006,0,2,3
stg5diff2_S5d3_b1.bcBFPF,neurog3_late,0.3899901703800786,0,2,3
stg5diff2_S5d3_b1.bcBUHK,neurog3_mid,0.3132372214941022,0,2,3
stg5diff2_S5d3_b1.bcGFCC,sc_beta,0.7719836400817996,1,2,3
stg5diff2_S5d3_b1.bcFVTA,neurog3_late,0.3690205011389522,1,2,3
stg5diff2_S5d3_b1.bcFZUK,neurog3_late,0.3134010484927916,0,2,3
stg5diff2_S5d3_b1.bcAZWQ,neurog3_mid,0.2614708753660917,1,2,3
stg5diff2_S5d3_b1.bcHVRA,neurog3_early,0.1558813892529489,0,2,3
stg5diff2_S5d3_b1.bcFLLR,prog_nkx61,0.1278880572730231,1,2,3
stg5diff2_S5d3_b1.bcHCZE,neurog3_late,0.3685323787829482,1,2,3
stg5diff2_S5d3_b1.bcCHMS,sc_beta,0.730879345603272,1,2,3
stg5diff2_S5d3_b1.bcBVXR,neurog3_mid,0.3029980340760157,0,2,3
stg5diff2_S5d3_b1.bcCLPA,neurog3_early,0.1660429547673283,1,2,3
stg5diff2_S5d3_b1.bcDCSS,neurog3_late,0.4208715596330275,0,2,3
stg5diff2_S5d3_b1.bcEGML,neurog3_late,0.4952814838919622,1,2,3
stg5diff2_S5d3_b1.bcBJBX,neurog3_late,0.4527334851936219,1,2,3
stg5diff2_S5d3_b1.bcGTZU,neurog3_late,0.4258054018874064,1,2,3
stg5diff2_S5d3_b1.bcGNVH,neurog3_mid,0.3065203145478374,0,2,3
stg5diff2_S5d3_b1.bcBTKT,neurog3_late,0.3873689384010484,0,2,3
stg5diff2_S5d3_b1.bcFJIR,neurog3_late,0.4148226488773185,1,2,3
stg5diff2_S5d3_b1.bcFPAJ,neurog3_early,0.1653014416775884,0,2,3
stg5diff2_S5d3_b1.bcGEUE,neurog3_mid,0.2045380078636959,0,2,3
stg5diff2_S5d3_b1.bcFXPC,neurog3_late,0.2631880733944954,0,2,3
stg5diff2_S5d3_b1.bcAJVB,sc_beta,0.5535787321063395,1,2,3
stg5diff2_S5d3_b1.bcFILX,neurog3_late,0.4192971038073543,1,2,3
stg5diff2_S5d3_b1.bcBCPP,neurog3_late,0.4423202082655386,1,2,3
stg5diff2_S5d3_b1.bcHNDO,neurog3_late,0.3303571428571428,0,2,3
stg5diff2_S5d3_b1.bcGTKB,neurog3_mid,0.2207940123657663,1,2,3
stg5diff2_S5d3_b1.bcGRAO,sc_ec,0.6794947121034077,0,2,3
stg5diff2_S5d3_b1.bcFTLA,neurog3_late,0.3235583224115334,0,2,3
stg5diff2_S5d3_b1.bcEYZK,neurog3_mid,0.3270806028833551,0,2,3
stg5diff2_S5d3_b1.bcHZIX,sc_beta,0.7059304703476483,1,2,3
stg5diff2_S5d3_b1.bcCZPN,neurog3_late,0.3646788990825688,0,2,3
stg5diff2_S5d3_b1.bcGJXI,neurog3_late,0.3636511552229092,1,2,3
stg5diff2_S5d3_b1.bcHWGI,neurog3_late,0.4772209567198178,1,2,3
stg5diff2_S5d4_b1.bcABXR,sc_ec,0.7028495887191539,0,2,4
stg5diff2_S5d4_b1.bcCNJQ,neurog3_early,0.1924829157175398,1,2,4
stg5diff2_S5d4_b1.bcICBQ,neurog3_late,0.3580377481288643,1,2,4
stg5diff2_S5d4_b1.bcEHUF,neurog3_late,0.477383664171819,1,2,4
stg5diff2_S5d4_b1.bcHEAV,sc_beta,0.8752556237218814,1,2,4
stg5diff2_S5d4_b1.bcDJIV,neurog3_early,0.1494921363040629,0,2,4
stg5diff2_S5d4_b1.bcDPUA,sc_ec,0.7663043478260869,0,2,4
stg5diff2_S5d4_b1.bcGREG,sc_ec,0.802144535840188,0,2,4
stg5diff2_S5d4_b1.bcEWJL,neurog3_mid,0.337483617300131,0,2,4
stg5diff2_S5d4_b1.bcGJZD,neurog3_mid,0.3402686762778505,0,2,4
stg5diff2_S5d4_b1.bcHUCI,neurog3_late,0.4155471821756225,0,2,4
stg5diff2_S5d4_b1.bcERUU,neurog3_mid,0.343627129750983,0,2,4
stg5diff2_S5d4_b1.bcEHAE,neurog3_mid,0.2409895150720838,0,2,4
stg5diff2_S5d4_b1.bcEKIZ,sc_beta,0.5292433537832311,1,2,4
stg5diff2_S5d4_b1.bcGIBI,sc_ec,0.7865746180963572,0,2,4
stg5diff2_S5d4_b1.bcHPVW,neurog3_mid,0.2895379108363163,1,2,4
stg5diff2_S5d4_b1.bcBFVT,sc_ec,0.5428907168037603,0,2,4
stg5diff2_S5d4_b1.bcEUJI,neurog3_early,0.1884829619921363,0,2,4
stg5diff2_S5d4_b1.bcDMLA,neurog3_late,0.5995910020449897,1,2,4
stg5diff2_S5d4_b1.bcAAKM,neurog3_late,0.5302585193889542,0,2,4
stg5diff2_S5d4_b1.bcDEVO,neurog3_late,0.3591906946264744,0,2,4
stg5diff2_S5d4_b1.bcBPZR,neurog3_late,0.3420924178327367,1,2,4
stg5diff2_S5d4_b1.bcFHZM,neurog3_late,0.4399574049803407,0,2,4
stg5diff2_S5d4_b1.bcBWXR,sc_ec,0.5760869565217391,0,2,4
stg5diff2_S5d4_b1.bcHNFD,neurog3_mid,0.2782297429222258,1,2,4
stg5diff2_S5d4_b1.bcFSEL,sc_ec,0.6458578143360751,0,2,4
stg5diff2_S5d4_b1.bcICFU,neurog3_mid,0.3464855190367719,1,2,4
stg5diff2_S5d4_b1.bcADQZ,sc_beta,0.623721881390593,1,2,4
stg5diff2_S5d4_b1.bcBZTU,sc_ec,0.8451821386603995,0,2,4
stg5diff2_S5d4_b1.bcHPXC,prog_nkx61,0.1267201834862385,0,2,4
stg5diff2_S5d4_b1.bcBVFA,neurog3_mid,0.3047182175622542,0,2,4
stg5diff2_S5d4_b1.bcCXPW,sc_beta,0.8155419222903886,1,2,4
stg5diff2_S5d4_b1.bcEFDD,sc_ec,0.4662516382699869,0,2,4
stg5diff2_S5d4_b1.bcHUCO,sc_beta,0.7685071574642126,1,2,4
stg5diff2_S5d4_b1.bcCAIT,neurog3_early,0.1601854864952814,1,2,4
stg5diff2_S5d4_b1.bcHAFJ,neurog3_late,0.424747803449398,1,2,4
stg5diff2_S5d4_b1.bcIAPB,neurog3_mid,0.2931174747803449,1,2,4
stg5diff2_S5d4_b1.bcCGVT,sc_beta,0.8247443762781186,1,2,4
stg5diff2_S5d4_b1.bcCULH,sc_ec,0.5691833137485312,0,2,4
stg5diff2_S5d4_b1.bcIDFW,neurog3_mid,0.361975753604194,0,2,4
stg5diff2_S5d4_b1.bcENBF,neurog3_mid,0.2895642201834862,0,2,4
stg5diff2_S5d4_b1.bcEKAY,sc_beta,0.7979550102249489,1,2,4
stg5diff2_S5d4_b1.bcEXFQ,neurog3_late,0.3996095021151968,1,2,4
stg5diff2_S5d4_b1.bcFQXB,neurog3_late,0.4223071916693784,1,2,4
stg5diff2_S5d4_b1.bcENXO,sc_beta,0.6067484662576688,1,2,4
stg5diff2_S5d4_b1.bcFPDN,sc_ec,0.888807285546416,0,2,4
stg5diff2_S5d4_b1.bcHXNC,neurog3_mid,0.2804262935242434,1,2,4
stg5diff2_S5d4_b1.bcFTTO,sc_beta,0.5208588957055215,1,2,4
stg5diff2_S5d4_b1.bcEVBR,sc_ec,0.4890235910878113,0,2,4
stg5diff2_S5d4_b1.bcGSJX,neurog3_late,0.3678001952489424,1,2,4
stg5diff2_S5d4_b1.bcEAEF,neurog3_late,0.4500327653997378,0,2,4
stg5diff2_S5d4_b1.bcFIFE,neurog3_early,0.1990498034076015,0,2,4
stg5diff2_S5d4_b1.bcBWQC,neurog3_mid,0.3212658639765701,1,2,4
stg5diff2_S5d4_b1.bcERJZ,sc_ec,0.9562279670975324,0,2,4
stg5diff2_S5d4_b1.bcEONS,neurog3_mid,0.2296615684998373,1,2,4
stg5diff2_S5d4_b1.bcEFKJ,neurog3_mid,0.3111780019524894,1,2,4
stg5diff2_S5d4_b1.bcBCLU,neurog3_late,0.4523267165636186,1,2,4
stg5diff2_S5d4_b1.bcAXAN,neurog3_mid,0.1894659239842726,0,2,4
stg5diff2_S5d4_b1.bcFPBA,sc_beta,0.4974780344939798,1,2,4
stg5diff2_S5d5_b1.bcFZYX,sc_ec,0.7698296122209165,0,2,5
stg5diff2_S5d5_b1.bcBRCW,sc_ec,0.725470035252644,0,2,5
stg5diff2_S5d5_b1.bcBELM,sc_ec,0.5530258519388954,0,2,5
stg5diff2_S5d5_b1.bcHWRC,neurog3_mid,0.2381225425950196,0,2,5
stg5diff2_S5d5_b1.bcDBUU,neurog3_late,0.5275051124744377,1,2,5
stg5diff2_S5d5_b1.bcESXR,sc_beta,0.7038854805725971,1,2,5
stg5diff2_S5d5_b1.bcBGDS,sc_beta,0.8775051124744376,1,2,5
stg5diff2_S5d5_b1.bcEFGN,sc_ec,0.7021151586368978,0,2,5
stg5diff2_S5d5_b1.bcEBCN,sc_ec,0.7470622796709754,0,2,5
stg5diff2_S5d5_b1.bcCTBS,neurog3_late,0.5916155419222904,1,2,5
stg5diff2_S5d5_b1.bcHROR,neurog3_late,0.447329619921363,0,2,5
stg5diff2_S5d5_b1.bcCLDL,sc_beta,0.7368098159509202,1,2,5
stg5diff2_S5d5_b1.bcAUTG,sc_beta,0.8791411042944786,1,2,5
stg5diff2_S5d5_b1.bcGUXK,sc_ec,0.593566392479436,0,2,5
stg5diff2_S5d5_b1.bcAGCC,sc_beta,0.7390593047034765,1,2,5
stg5diff2_S5d5_b1.bcEEUG,sc_beta,0.9439672801635992,1,2,5
stg5diff2_S5d5_b1.bcDVZB,sc_beta,0.8680981595092024,1,2,5
stg5diff2_S5d5_b1.bcGTXI,sc_beta,0.9325153374233128,1,2,5
stg5diff2_S5d5_b1.bcBKYF,sc_beta,0.7777096114519427,1,2,5
stg5diff2_S5d5_b1.bcBION,sc_beta,0.9049079754601228,1,2,5
stg5diff2_S5d5_b1.bcFSIH,sc_ec,0.513219741480611,0,2,5
stg5diff2_S5d5_b1.bcCWJL,neurog3_late,0.5194274028629857,1,2,5
stg5diff2_S5d5_b1.bcAAZJ,neurog3_late,0.3790956749672346,0,2,5
stg5diff2_S5d5_b1.bcCDHB,sc_ec,0.7999412455934195,0,2,5
stg5diff2_S5d5_b1.bcCRJT,sc_ec,0.6786133960047004,0,2,5
stg5diff2_S5d5_b1.bcIBKY,sc_ec,0.604289071680376,0,2,5
stg5diff2_S5d5_b1.bcFVCR,neurog3_late,0.4511795543905635,0,2,5
stg5diff2_S5d5_b1.bcAXIQ,sc_ec,0.629406580493537,0,2,5
stg5diff2_S5d5_b1.bcHWMD,sc_beta,0.9656441717791412,1,2,5
stg5diff2_S5d5_b1.bcEZGM,neurog3_late,0.3793524243410348,1,2,5
stg5diff2_S5d5_b1.bcICPS,neurog3_late,0.4443540514155548,1,2,5
stg5diff2_S5d5_b1.bcCKKE,sc_ec,0.9825205640423031,0,2,5
stg5diff2_S5d5_b1.bcEUWC,sc_ec,0.857373678025852,0,2,5
stg5diff2_S5d5_b1.bcDCOT,neurog3_late,0.3210218027985682,1,2,5
stg5diff2_S5d5_b1.bcBQAH,neurog3_late,0.3908912188728702,0,2,5
stg5diff2_S5d5_b1.bcEDRU,sc_ec,0.6154524089306698,0,2,5
stg5diff2_S5d5_b1.bcERSY,neurog3_late,0.713572267920094,0,2,5
stg5diff2_S5d5_b1.bcEJCG,sc_ec,0.7486780258519389,0,2,5
stg5diff2_S5d5_b1.bcHTMN,neurog3_late,0.3965180605271721,1,2,5
stg5diff2_S5d5_b1.bcBSJQ,sc_beta,0.5237218813905931,1,2,5
stg5diff2_S5d5_b1.bcAMOV,sc_beta,0.8204498977505112,1,2,5
stg5diff2_S5d5_b1.bcHAEH,sc_ec,0.6618683901292597,0,2,5
stg5diff2_S5d5_b1.bcEWUE,neurog3_early,0.1443215099251545,1,2,5
stg5diff2_S5d5_b1.bcCNXR,sc_beta,0.6742331288343558,1,2,5
stg5diff2_S5d5_b1.bcDHDT,sc_ec,0.7219447708578144,0,2,5
stg5diff2_S5d5_b1.bcFMEO,sc_beta,0.9977505112474436,1,2,5
stg5diff2_S5d5_b1.bcBYWQ,sc_beta,0.878323108384458,1,2,5
stg5diff2_S5d5_b1.bcEXLM,sc_beta,0.7184049079754601,1,2,5
stg5diff2_S5d5_b1.bcGLKP,sc_ec,0.8726498237367802,0,2,5
stg5diff2_S5d5_b1.bcAZWT,sc_beta,0.5094069529652352,1,2,5
stg5diff2_S5d5_b1.bcAAYG,neurog3_late,0.4077653997378768,0,2,5
stg5diff2_S5d5_b1.bcBDKI,sc_ec,0.5312867215041128,0,2,5
stg5diff2_S5d5_b1.bcARBJ,prog_nkx61,0.0979685452162516,0,2,5
stg5diff2_S5d5_b1.bcABPN,neurog3_late,0.3929384965831435,1,2,5
stg5diff2_S5d5_b1.bcFBHY,neurog3_late,0.4716889033517735,1,2,5
stg5diff2_S5d5_b1.bcBETY,sc_ec,0.5492068155111633,0,2,5
stg5diff2_S5d5_b1.bcHAER,sc_ec,0.700352526439483,0,2,5
stg5diff2_S5d5_b1.bcDXPG,sc_beta,0.8985685071574643,1,2,5
stg5diff2_S5d5_b1.bcFJQN,sc_beta,0.4955255450699642,1,2,5
stg5diff2_S5d5_b1.bcHJUH,sc_ec,0.5271739130434783,0,2,5
stg5diff2_S5d5_b1.bcHTWU,neurog3_late,0.4106736088512854,1,2,5
stg5diff2_S5d5_b1.bcFHPZ,sc_beta,0.8224948875255624,1,2,5
stg5diff2_S5d5_b1.bcIBNI,sc_ec,0.6172150411280846,0,2,5
stg5diff2_S5d5_b1.bcDMUE,sc_beta,0.858282208588957,1,2,5
stg5diff2_S5d5_b1.bcHEJI,sc_ec,0.5840188014101058,0,2,5
stg5diff2_S5d5_b1.bcGHYL,sc_beta,0.860122699386503,1,2,5
stg5diff2_S5d5_b1.bcDZNX,sc_ec,0.7134253819036428,0,2,5
stg5diff2_S5d5_b1.bcGWDH,sc_beta,0.6680981595092025,1,2,5
stg5diff2_S5d5_b1.bcAAPO,neurog3_late,0.471002621231979,0,2,5
stg5diff2_S5d5_b1.bcGDQY,neurog3_early,0.186435124508519,0,2,5
stg5diff2_S5d5_b1.bcBMGL,neurog3_mid,0.2318581191018548,1,2,5
stg5diff2_S5d5_b1.bcHJEQ,sc_beta,0.8826175869120654,1,2,5
stg5diff2_S5d5_b1.bcIJZW,neurog3_mid,0.3242955439056356,0,2,5
stg5diff2_S5d5_b1.bcCAFE,sc_ec,0.8425381903642772,0,2,5
stg5diff2_S5d5_b1.bcGHII,neurog3_late,0.4234461438333876,1,2,5
stg5diff2_S5d5_b1.bcHZNW,sc_beta,0.8666666666666667,1,2,5
stg5diff2_S5d5_b1.bcAPCO,sc_ec,0.9841363102232668,0,2,5
stg5diff2_S5d5_b1.bcHMMJ,neurog3_late,0.3887894565571103,1,2,5
stg5diff2_S5d6_b1.bcCIRQ,sc_ec,0.888219741480611,0,2,6
stg5diff2_S5d6_b1.bcBPQO,neurog3_late,0.405385616661243,1,2,6
stg5diff2_S5d6_b1.bcEYWD,sc_beta,0.8137014314928426,1,2,6
stg5diff2_S5d6_b1.bcDUQU,sc_beta,0.7948875255623722,1,2,6
stg5diff2_S5d6_b1.bcCFJX,prog_nkx61,0.1372051114023591,0,2,6
stg5diff2_S5d6_b1.bcCMDR,neurog3_mid,0.2364842726081258,0,2,6
stg5diff2_S5d6_b1.bcGDMQ,sc_beta,0.6903885480572597,1,2,6
stg5diff2_S5d6_b1.bcETWI,sc_ec,0.99882491186839,0,2,6
stg5diff2_S5d6_b1.bcHLDF,sc_ec,0.8277027027027026,0,2,6
stg5diff2_S5d6_b1.bcHEOS,neurog3_late,0.4629840546697039,1,2,6
stg5diff2_S5d6_b1.bcGNIZ,neurog3_late,0.7359918200408998,1,2,6
stg5diff2_S5d6_b1.bcBMDC,sc_ec,0.9643066980023502,0,2,6
stg5diff2_S5d6_b1.bcAFEK,neurog3_mid,0.3100390497884803,1,2,6
stg5diff2_S5d6_b1.bcCEDK,sc_beta,0.6419222903885481,1,2,6
stg5diff2_S5d6_b1.bcFWVF,neurog3_late,0.4934103481939473,1,2,6
stg5diff2_S5d6_b1.bcECWN,sc_beta,0.6803680981595093,1,2,6
stg5diff2_S5d6_b1.bcBFWL,sc_beta,0.8229038854805726,1,2,6
stg5diff2_S5d6_b1.bcBPAC,sc_beta,0.8758691206543967,1,2,6
stg5diff2_S5d6_b1.bcFPJW,sc_ec,0.7188601645123385,0,2,6
stg5diff2_S5d6_b1.bcHHJC,sc_beta,0.6756646216768916,1,2,6
stg5diff2_S5d6_b1.bcEGAW,sc_beta,0.7552147239263804,1,2,6
stg5diff2_S5d6_b1.bcCHOF,sc_beta,0.6425357873210634,1,2,6
stg5diff2_S5d6_b1.bcASMB,prog_nkx61,0.1113732508948909,1,2,6
stg5diff2_S5d6_b1.bcEBMM,sc_ec,0.874412455934195,0,2,6
stg5diff2_S5d6_b1.bcGADB,neurog3_late,0.7797546012269938,1,2,6
stg5diff2_S5d6_b1.bcFQZG,neurog3_late,0.6624559341950647,0,2,6
stg5diff2_S5d6_b1.bcADFO,neurog3_late,0.4812072892938496,1,2,6
stg5diff2_S5d6_b1.bcGMML,neurog3_mid,0.2031402538236251,1,2,6
stg5diff2_S5d6_b1.bcHQJT,sc_beta,0.7916155419222903,1,2,6
stg5diff2_S5d6_b1.bcHGVE,neurog3_mid,0.2520338431500162,1,2,6
stg5diff2_S5d6_b1.bcBWGM,sc_beta,0.8754601226993866,1,2,6
stg5diff2_S5d6_b1.bcFLJY,neurog3_mid,0.2784738041002278,1,2,6
stg5diff2_S5d6_b1.bcDYEZ,sc_beta,0.9501022494887524,1,2,6
stg5diff2_S5d6_b1.bcEMQA,sc_ec,0.8722091656874266,0,2,6
stg5diff2_S5d6_b1.bcCEDT,neurog3_late,0.4600553205336804,1,2,6
stg5diff2_S5d6_b1.bcCAWD,neurog3_late,0.4596485519036772,1,2,6
stg5diff2_S5d6_b1.bcCJIK,neurog3_late,0.4688415229417507,1,2,6
stg5diff2_S5d6_b1.bcHYMJ,sc_ec,0.7821680376028202,0,2,6
stg5diff2_S5d6_b1.bcDPHY,neurog3_mid,0.2247803449397982,1,2,6
stg5diff2_S5d6_b1.bcGWXQ,neurog3_late,0.4359436435124508,0,2,6
stg5diff2_S5d6_b1.bcHWBH,prog_nkx61,0.1299967234600262,0,2,6
stg5diff2_S5d6_b1.bcFCPT,sc_ec,0.8043478260869565,0,2,6
stg5diff2_S5d6_b1.bcEAVQ,sc_ec,0.7567567567567568,0,2,6
stg5diff2_S5d6_b1.bcDDSE,neurog3_late,0.3480312398307842,1,2,6
stg5diff2_S5d6_b1.bcDOID,sc_ec,0.9504994124559344,0,2,6
stg5diff2_S5d6_b1.bcGHGQ,neurog3_late,0.4336967133094696,1,2,6
stg5diff2_S5d6_b1.bcFLNC,sc_ec,0.6417450058754407,0,2,6
stg5diff2_S5d6_b1.bcEQZQ,neurog3_late,0.7263803680981595,1,2,6
stg5diff2_S5d6_b1.bcHEJH,prog_nkx61,0.1309794988610478,1,2,6
stg5diff2_S5d6_b1.bcGWWV,neurog3_early,0.2549148099606815,0,2,6
stg5diff2_S5d6_b1.bcHFYV,neurog3_late,0.4832411324438659,1,2,6
stg5diff2_S5d6_b1.bcALUX,sc_beta,0.7431492842535787,1,2,6
stg5diff2_S5d6_b1.bcBTCO,neurog3_late,0.4492955439056356,0,2,6
stg5diff2_S5d6_b1.bcFLKB,sc_beta,0.8922290388548058,1,2,6
stg5diff2_S5d6_b1.bcHADI,sc_beta,0.6826175869120654,1,2,6
stg5diff2_S5d6_b1.bcBXSJ,neurog3_late,0.3532929226736566,0,2,6
stg5diff2_S5d6_b1.bcGNKJ,sc_beta,0.9858895705521472,1,2,6
stg5diff2_S5d6_b1.bcHLPX,sc_ec,0.7945064629847238,0,2,6
stg5diff2_S5d6_b1.bcFMVP,neurog3_late,0.5600763807285546,0,2,6
stg5diff2_S5d6_b1.bcHBSX,neurog3_late,0.9493243243243245,0,2,6
stg5diff2_S5d6_b1.bcAKTH,sc_ec,0.6511457109283196,0,2,6
stg5diff2_S5d6_b1.bcESAG,neurog3_mid,0.2513925294888597,0,2,6
stg5diff2_S5d7_b1.bcAOZD,sc_ec,0.8682432432432432,0,2,7
stg5diff2_S5d7_b1.bcABSU,sc_beta,0.7748466257668711,1,2,7
stg5diff2_S5d7_b1.bcGLUV,neurog3_late,0.366010413276928,1,2,7
stg5diff2_S5d7_b1.bcDRNR,sc_ec,0.9521151586368978,0,2,7
stg5diff2_S5d7_b1.bcFJLM,sc_ec,0.9468272620446534,0,2,7
stg5diff2_S5d7_b1.bcGSGN,sc_beta,0.7312883435582822,1,2,7
stg5diff2_S5d7_b1.bcEUBQ,sc_ec,0.6486486486486487,0,2,7
stg5diff2_S5d7_b1.bcBHJA,sc_ec,0.9844300822561692,0,2,7
stg5diff2_S5d7_b1.bcHDFA,neurog3_mid,0.2423820445609436,0,2,7
stg5diff2_S5d7_b1.bcHLZN,sc_ec,0.5907755581668626,0,2,7
stg5diff2_S5d7_b1.bcHHHX,sc_ec,0.8653055229142186,0,2,7
stg5diff2_S5d7_b1.bcDGPG,neurog3_late,0.448394495412844,0,2,7
stg5diff2_S5d7_b1.bcBPTN,sc_ec,0.5969447708578144,0,2,7
stg5diff2_S5d7_b1.bcATQQ,sc_beta,0.9750511247443764,1,2,7
stg5diff2_S5d7_b1.bcFADG,sc_beta,0.5723926380368098,1,2,7
stg5diff2_S5d7_b1.bcBJIP,sc_beta,0.7118609406952965,1,2,7
stg5diff2_S5d7_b1.bcHNGA,sc_beta,0.9114519427402864,1,2,7
stg5diff2_S5d7_b1.bcCUSK,neurog3_late,0.3565733810608525,1,2,7
stg5diff2_S5d7_b1.bcDTGV,sc_beta,0.807361963190184,1,2,7
stg5diff2_S5d7_b1.bcFLUA,sc_ec,0.8648648648648649,0,2,7
stg5diff2_S5d7_b1.bcDLYW,sc_beta,0.8488752556237219,1,2,7
stg5diff2_S5d7_b1.bcGVIS,neurog3_mid,0.2700943703221607,1,2,7
stg5diff2_S5d7_b1.bcFSNK,sc_beta,0.6108384458077709,1,2,7
stg5diff2_S5d7_b1.bcFXMX,sc_ec,0.8213866039952997,0,2,7
stg5diff2_S5d7_b1.bcGKWV,sc_beta,0.5038854805725972,1,2,7
stg5diff2_S5d7_b1.bcGPIA,neurog3_late,0.586075205640423,0,2,7
stg5diff2_S5d7_b1.bcDNXO,sc_beta,0.7715746421267894,1,2,7
stg5diff2_S5d7_b1.bcIGZS,sc_beta,0.7830265848670757,1,2,7
stg5diff2_S5d7_b1.bcHJMU,neurog3_late,0.463878945655711,1,2,7
stg5diff2_S5d7_b1.bcGLVT,sc_beta,0.6462167689161554,1,2,7
stg5diff2_S5d7_b1.bcGUFC,sc_ec,0.8059635722679201,0,2,7
stg5diff2_S5d7_b1.bcHOKU,neurog3_late,0.4803123983078425,1,2,7
stg5diff2_S5d7_b1.bcAVGW,neurog3_mid,0.2447120078099577,1,2,7
stg5diff2_S5d7_b1.bcGZNX,neurog3_mid,0.2013433813892529,0,2,7
stg5diff2_S5d7_b1.bcETRK,neurog3_mid,0.2983289646133683,0,2,7
stg5diff2_S5d7_b1.bcHAHD,sc_ec,0.827262044653349,0,2,7
stg5diff2_S5d7_b1.bcEKCD,sc_beta,0.8674846625766871,1,2,7
stg5diff2_S5d7_b1.bcDLKZ,sc_beta,0.9028629856850716,1,2,7
stg5diff2_S5d7_b1.bcEWRF,sc_ec,0.8068448883666275,0,2,7
stg5diff2_S5d7_b1.bcGJYP,sc_beta,0.6460122699386504,1,2,7
stg5diff2_S5d7_b1.bcDNAA,sc_beta,0.8619631901840491,1,2,7
stg5diff2_S5d7_b1.bcDLGA,sc_beta,0.6415132924335378,1,2,7
stg5diff2_S5d7_b1.bcGMTT,neurog3_early,0.1361861373250895,1,2,7
stg5diff2_S5d7_b1.bcBDTK,neurog3_late,0.3274082568807339,0,2,7
stg5diff2_S5d7_b1.bcEAOW,sc_ec,0.963572267920094,0,2,7
stg5diff2_S5d7_b1.bcFOEW,neurog3_late,0.4378457533355027,1,2,7
stg5diff2_S5d7_b1.bcAFSL,neurog3_late,0.3482753010087862,1,2,7
stg5diff2_S5d7_b1.bcAXEB,neurog3_mid,0.2807994757536042,0,2,7
stg5diff2_S5d7_b1.bcEKHH,sc_ec,0.9040834312573442,0,2,7
stg5diff2_S5d7_b1.bcAJXA,sc_ec,0.6711222091656874,0,2,7
stg5diff2_S5d7_b1.bcHCWZ,neurog3_mid,0.1994793361535958,1,2,7
stg5diff2_S5d7_b1.bcFNXJ,sc_beta,0.9247443762781188,1,2,7
stg5diff2_S5d7_b1.bcBXDU,sc_beta,0.7235173824130879,1,2,7
stg5diff2_S5d7_b1.bcFYTT,neurog3_late,0.4630654083957045,1,2,7
stg5diff2_S5d7_b1.bcCEOR,sc_beta,0.9633946830265848,1,2,7
stg5diff2_S5d7_b1.bcEUTQ,sc_beta,0.7316973415132925,1,2,7
stg5diff2_S5d7_b1.bcFTES,sc_beta,0.9153374233128836,1,2,7
stg5diff2_S5d7_b1.bcHXRW,sc_ec,0.5239424206815512,0,2,7
stg5diff2_S5d7_b1.bcHXCL,sc_ec,0.914512338425382,0,2,7
stg5diff2_S5d7_b1.bcFZWE,sc_beta,0.7460122699386503,1,2,7
stg5diff2_S5d7_b1.bcBPQR,sc_ec,0.9779670975323148,0,2,7
stg5diff2_S5d7_b1.bcHTRH,neurog3_mid,0.3029612756264236,1,2,7
stg5diff2_S5d7_b1.bcGMAG,sc_beta,0.4822648877318581,1,2,7
stg5diff1_S5d0_b2.bcICGI,prog_nkx61,0.0854357798165137,0,1,0
stg5diff1_S5d0_b2.bcBTJW,prog_nkx61,0.0349770642201834,0,1,0
stg5diff1_S5d0_b2.bcDBVJ,prog_nkx61,0.0442332896461336,0,1,0
stg5diff1_S5d0_b2.bcGCOU,prog_nkx61,0.0233485193621867,1,1,0
stg5diff1_S5d0_b2.bcFBTH,prog_nkx61,0.0013925294888597,0,1,0
stg5diff1_S5d0_b2.bcIFZM,prog_nkx61,0.0176933158584534,0,1,0
stg5diff1_S5d0_b2.bcEXND,prog_nkx61,0.0619266055045871,0,1,0
stg5diff1_S5d0_b2.bcFIGY,prog_nkx61,0.081913499344692,0,1,0
stg5diff1_S5d0_b2.bcCJBK,prog_nkx61,0.0281483891962251,1,1,0
stg5diff1_S5d0_b2.bcFOKP,prog_nkx61,0.0736402359108781,0,1,0
stg5diff1_S5d0_b2.bcFWPP,prog_nkx61,0.0214613368283093,0,1,0
stg5diff1_S5d0_b2.bcFXIP,prog_nkx61,0.0828964613368283,0,1,0
stg5diff1_S5d0_b2.bcIGKL,prog_nkx61,0.0071591278880572,1,1,0
stg5diff1_S5d0_b2.bcBYYS,prog_nkx61,0.0091929710380735,1,1,0
stg5diff1_S5d0_b2.bcHQQZ,prog_nkx61,0.0444790301441677,0,1,0
stg5diff1_S5d0_b2.bcBQUG,prog_nkx61,0.073394495412844,0,1,0
stg5diff1_S5d0_b2.bcBVKQ,prog_nkx61,0.052879921900423,1,1,0
stg5diff1_S5d0_b2.bcBHAI,prog_nkx61,0.0380735437683045,1,1,0
stg5diff1_S5d0_b2.bcGIOT,prog_nkx61,0.0663032866905304,1,1,0
stg5diff1_S5d0_b2.bcAYBN,prog_nkx61,0.0662680209698558,0,1,0
stg5diff1_S5d0_b2.bcARRI,prog_nkx61,0.0222804718217562,0,1,0
stg5diff1_S5d0_b2.bcDURT,prog_nkx61,0.0320281782437745,0,1,0
stg5diff1_S5d0_b2.bcDDKL,prog_nkx61,0.0015457207940123,1,1,0
stg5diff1_S5d0_b2.bcEXLS,prog_nkx61,0.015153997378768,0,1,0
stg5diff1_S5d0_b2.bcHOXX,prog_nkx61,0.0508460787504067,1,1,0
stg5diff1_S5d0_b2.bcCJKO,prog_nkx61,0.0460353866317169,0,1,0
stg5diff1_S5d0_b2.bcHQOV,prog_nkx61,0.0303449397982427,1,1,0
stg5diff1_S5d0_b2.bcCRIS,prog_nkx61,0.0322974292222583,1,1,0
stg5diff1_S5d0_b2.bcBMXY,prog_nkx61,0.0090923984272608,0,1,0
stg5diff1_S5d0_b2.bcARCA,prog_nkx61,0.0131880733944954,0,1,0
stg5diff1_S5d0_b2.bcFWVB,prog_nkx61,0.0163826998689384,0,1,0
stg5diff1_S5d0_b2.bcDZKS,prog_nkx61,0.0192808330621542,1,1,0
stg5diff1_S5d0_b2.bcCYYC,prog_nkx61,0.0068807339449541,0,1,0
stg5diff1_S5d0_b2.bcGJKL,prog_nkx61,0.0778555157826228,1,1,0
stg5diff1_S5d0_b2.bcFRMQ,prog_nkx61,0.0374344692005242,0,1,0
stg5diff1_S5d0_b2.bcCOOW,prog_nkx61,0.0315366972477064,0,1,0
stg5diff1_S5d0_b2.bcFWHX,prog_nkx61,0.0484868206963878,1,1,0
stg5diff1_S5d0_b2.bcGIXQ,prog_nkx61,0.0357142857142857,0,1,0
stg5diff1_S5d0_b2.bcEYPC,prog_nkx61,0.0764725024406117,1,1,0
stg5diff1_S5d0_b2.bcIHAR,prog_nkx61,0.0069964204360559,1,1,0
stg5diff1_S5d0_b2.bcBFHQ,prog_nkx61,0.0200688073394495,0,1,0
stg5diff1_S5d0_b2.bcEGSK,prog_nkx61,0.0728929384965831,1,1,0
stg5diff1_S5d0_b2.bcDLKP,prog_nkx61,0.0008948909860071,1,1,0
stg5diff1_S5d0_b2.bcFLKF,prog_nkx61,0.0373413602342987,1,1,0
stg5diff1_S5d0_b2.bcCHFJ,prog_nkx61,0.0871559633027523,0,1,0
stg5diff1_S5d0_b2.bcFFDI,prog_nkx61,0.0397006182883176,1,1,0
stg5diff1_S5d0_b2.bcIGRD,prog_nkx61,0.0348193947282785,1,1,0
stg5diff1_S5d0_b2.bcAZLE,prog_nkx61,0.0416120576671035,0,1,0
stg5diff1_S5d0_b2.bcBQKN,prog_nkx61,0.0493938401048492,0,1,0
stg5diff1_S5d0_b2.bcIIIP,prog_nkx61,0.0824113244386593,1,1,0
stg5diff1_S5d1_b2.bcDRJK,neurog3_early,0.1522128213472177,1,1,1
stg5diff1_S5d1_b2.bcGATY,neurog3_early,0.1469248291571754,1,1,1
stg5diff1_S5d1_b2.bcGQMT,neurog3_early,0.2084698558322411,0,1,1
stg5diff1_S5d1_b2.bcBSZG,prog_nkx61,0.0858453473132372,0,1,1
stg5diff1_S5d1_b2.bcHNAG,neurog3_early,0.146788990825688,0,1,1
stg5diff1_S5d1_b2.bcFRIM,neurog3_late,0.4134993446920052,0,1,1
stg5diff1_S5d1_b2.bcIIIH,neurog3_mid,0.2643348623853211,0,1,1
stg5diff1_S5d1_b2.bcAHCT,prog_nkx61,0.1127948885976408,0,1,1
stg5diff1_S5d1_b2.bcHAMJ,neurog3_early,0.212007809957696,1,1,1
stg5diff1_S5d1_b2.bcFHWG,neurog3_early,0.1684960681520314,0,1,1
stg5diff1_S5d1_b2.bcFBXP,neurog3_early,0.1983125819134993,0,1,1
stg5diff1_S5d1_b2.bcEOPY,neurog3_early,0.138626749105109,1,1,1
stg5diff1_S5d1_b2.bcBDKN,neurog3_early,0.1787352555701179,0,1,1
stg5diff1_S5d1_b2.bcFFOT,neurog3_early,0.1534239842726081,0,1,1
stg5diff1_S5d1_b2.bcDQNW,prog_nkx61,0.1124672346002621,0,1,1
stg5diff1_S5d1_b2.bcEPXW,neurog3_early,0.1863532110091743,0,1,1
stg5diff1_S5d1_b2.bcEIUV,prog_nkx61,0.1208102831109664,1,1,1
stg5diff1_S5d1_b2.bcAQJI,neurog3_early,0.1405792385291246,1,1,1
stg5diff1_S5d1_b2.bcEINL,neurog3_early,0.1886592905955093,1,1,1
stg5diff1_S5d1_b2.bcCZRT,neurog3_early,0.1206585845347313,0,1,1
stg5diff1_S5d1_b2.bcESMT,prog_nkx61,0.0885128538887081,1,1,1
stg5diff1_S5d1_b2.bcDFUW,neurog3_early,0.1649853563293198,1,1,1
stg5diff1_S5d1_b2.bcECZU,prog_nkx61,0.083875691506671,1,1,1
stg5diff1_S5d1_b2.bcEHAL,neurog3_early,0.1485091743119266,0,1,1
stg5diff1_S5d1_b2.bcAENX,neurog3_early,0.1648099606815203,0,1,1
stg5diff1_S5d1_b2.bcGMKH,neurog3_early,0.213548492791612,0,1,1
stg5diff1_S5d1_b2.bcGAOP,prog_nkx61,0.1060852587048486,1,1,1
stg5diff1_S5d1_b2.bcFDOM,neurog3_early,0.1732020826553856,1,1,1
stg5diff1_S5d1_b2.bcDHGO,prog_nkx61,0.1359420761470875,1,1,1
stg5diff1_S5d1_b2.bcGUOY,neurog3_early,0.1862186788154897,1,1,1
stg5diff1_S5d1_b2.bcEVCK,prog_nkx61,0.089000976244712,1,1,1
stg5diff1_S5d1_b2.bcFLDW,neurog3_early,0.1955743573055646,1,1,1
stg5diff1_S5d1_b2.bcBBOH,prog_nkx61,0.0973132372214941,0,1,1
stg5diff1_S5d1_b2.bcEURG,neurog3_early,0.1438401048492791,0,1,1
stg5diff1_S5d1_b2.bcFZQP,neurog3_early,0.1412300683371298,1,1,1
stg5diff1_S5d1_b2.bcEZTE,neurog3_early,0.2200618288317604,1,1,1
stg5diff1_S5d1_b2.bcFUCM,prog_nkx61,0.0880570117955439,0,1,1
stg5diff1_S5d1_b2.bcAFBR,neurog3_early,0.1409860071591279,1,1,1
stg5diff1_S5d1_b2.bcAOZH,neurog3_early,0.1897982427595184,1,1,1
stg5diff1_S5d1_b2.bcGPIG,prog_nkx61,0.1160714285714285,0,1,1
stg5diff1_S5d1_b2.bcIBVI,neurog3_early,0.1913499344692005,0,1,1
stg5diff1_S5d1_b2.bcETPO,neurog3_early,0.144413499344692,0,1,1
stg5diff1_S5d1_b2.bcCKCI,neurog3_early,0.175886755613407,1,1,1
stg5diff1_S5d1_b2.bcCPHA,neurog3_mid,0.2223132372214941,0,1,1
stg5diff1_S5d1_b2.bcHXSF,neurog3_mid,0.1981487549148099,0,1,1
stg5diff1_S5d1_b2.bcCFCQ,neurog3_early,0.1520501138952164,1,1,1
stg5diff1_S5d1_b2.bcDIBB,neurog3_early,0.145478374836173,0,1,1
stg5diff1_S5d1_b2.bcADZZ,neurog3_early,0.1474442988204456,0,1,1
stg5diff1_S5d1_b2.bcFQSY,neurog3_early,0.147608125819135,0,1,1
stg5diff1_S5d1_b2.bcGZDA,neurog3_mid,0.209043250327654,0,1,1
stg5diff1_S5d1_b2.bcGZCS,neurog3_early,0.2119264562316954,1,1,1
stg5diff1_S5d1_b2.bcBKQS,prog_nkx61,0.100262123197903,0,1,1
stg5diff1_S5d1_b2.bcFZWS,prog_nkx61,0.1224606815203145,0,1,1
stg5diff1_S5d1_b2.bcHQJK,prog_nkx61,0.0947739187418086,0,1,1
stg5diff1_S5d1_b2.bcGDVZ,neurog3_mid,0.2183813892529489,0,1,1
stg5diff1_S5d1_b2.bcHRYN,prog_nkx61,0.1016546526867627,0,1,1
stg5diff1_S5d1_b2.bcCSKN,neurog3_early,0.1845102505694761,1,1,1
stg5diff1_S5d1_b2.bcCLJC,prog_nkx61,0.0804588350146436,1,1,1
stg5diff1_S5d1_b2.bcFXQL,neurog3_early,0.1496095021151968,1,1,1
stg5diff1_S5d1_b2.bcGWOY,prog_nkx61,0.0927432476407419,1,1,1
stg5diff1_S5d1_b2.bcHRUH,prog_nkx61,0.099197247706422,0,1,1
stg5diff1_S5d1_b2.bcDIAT,neurog3_early,0.183240498034076,0,1,1
stg5diff1_S5d2_b2.bcESWM,neurog3_early,0.1744757536041939,0,1,2
stg5diff1_S5d2_b2.bcDCET,neurog3_mid,0.2249430523917995,1,1,2
stg5diff1_S5d2_b2.bcDMPA,neurog3_mid,0.2684672958021477,1,1,2
stg5diff1_S5d2_b2.bcFUXP,neurog3_mid,0.2885616661243085,1,1,2
stg5diff1_S5d2_b2.bcGOZT,neurog3_early,0.1647280471821756,0,1,2
stg5diff1_S5d2_b2.bcFNVX,neurog3_mid,0.2499180865006553,0,1,2
stg5diff1_S5d2_b2.bcCYDO,neurog3_mid,0.2387778505897771,0,1,2
stg5diff1_S5d2_b2.bcGEHG,neurog3_mid,0.2379596485519036,1,1,2
stg5diff1_S5d2_b2.bcAVQH,neurog3_mid,0.2044560943643512,0,1,2
stg5diff1_S5d2_b2.bcDGSH,neurog3_mid,0.2790432801822323,1,1,2
stg5diff1_S5d2_b2.bcDARV,neurog3_mid,0.2361698665798893,1,1,2
stg5diff1_S5d2_b2.bcHPGW,prog_nkx61,0.126749105109014,1,1,2
stg5diff1_S5d2_b2.bcBCON,neurog3_mid,0.2889684347543117,1,1,2
stg5diff1_S5d2_b2.bcDVVF,neurog3_early,0.1695411649853563,1,1,2
stg5diff1_S5d2_b2.bcHEBB,neurog3_early,0.169134396355353,1,1,2
stg5diff1_S5d2_b2.bcFJQL,neurog3_late,0.3237064757565897,1,1,2
stg5diff1_S5d2_b2.bcDRHS,neurog3_mid,0.2477883355176933,0,1,2
stg5diff1_S5d2_b2.bcAAIL,neurog3_mid,0.3518184796854521,0,1,2
stg5diff1_S5d2_b2.bcFJZR,neurog3_mid,0.3088187438984705,1,1,2
stg5diff1_S5d2_b2.bcESIV,neurog3_early,0.1714449541284403,0,1,2
stg5diff1_S5d2_b2.bcFSDI,prog_nkx61,0.1135698014969085,1,1,2
stg5diff1_S5d2_b2.bcCFAW,neurog3_mid,0.2266546526867627,0,1,2
stg5diff1_S5d2_b2.bcHGFU,neurog3_mid,0.3049137650504393,1,1,2
stg5diff1_S5d2_b2.bcAXGM,neurog3_mid,0.2404002603319232,1,1,2
stg5diff1_S5d2_b2.bcDKVF,neurog3_late,0.3549311926605504,0,1,2
stg5diff1_S5d2_b2.bcCTCM,neurog3_mid,0.2978359908883827,1,1,2
stg5diff1_S5d2_b2.bcHCQF,neurog3_early,0.1688089814513504,1,1,2
stg5diff1_S5d2_b2.bcGURV,neurog3_early,0.1967946631955743,1,1,2
stg5diff1_S5d2_b2.bcCPPJ,neurog3_late,0.4381553079947575,0,1,2
stg5diff1_S5d2_b2.bcBINO,neurog3_mid,0.2550786369593709,0,1,2
stg5diff1_S5d2_b2.bcFJFG,neurog3_early,0.1836153595834689,1,1,2
stg5diff1_S5d2_b2.bcFVPV,neurog3_early,0.1743119266055046,0,1,2
stg5diff1_S5d2_b2.bcDFNN,neurog3_mid,0.3042267365661861,0,1,2
stg5diff1_S5d2_b2.bcGFXM,neurog3_mid,0.3698340383989587,1,1,2
stg5diff1_S5d2_b2.bcHGPT,neurog3_late,0.3327326343381389,0,1,2
stg5diff1_S5d2_b2.bcDDIW,neurog3_early,0.1941099902375528,1,1,2
stg5diff1_S5d2_b2.bcBUNK,neurog3_mid,0.3074357305564595,1,1,2
stg5diff1_S5d2_b2.bcDYBG,neurog3_early,0.169397116644823,0,1,2
stg5diff1_S5d2_b2.bcGXNE,neurog3_mid,0.2617149365440937,1,1,2
stg5diff1_S5d2_b2.bcEXWN,neurog3_early,0.176130816791409,1,1,2
stg5diff1_S5d2_b2.bcAXKM,neurog3_mid,0.3088138925294889,0,1,2
stg5diff1_S5d2_b2.bcHTGK,neurog3_late,0.3957241153342071,0,1,2
stg5diff1_S5d2_b2.bcEGCK,neurog3_early,0.2137975919297103,1,1,2
stg5diff1_S5d2_b2.bcERKD,neurog3_mid,0.2515457207940124,1,1,2
stg5diff1_S5d2_b2.bcAJCP,neurog3_mid,0.2535795639440286,1,1,2
stg5diff1_S5d2_b2.bcGYOX,sc_ec,0.8278495887191539,0,1,2
stg5diff1_S5d2_b2.bcADBJ,neurog3_mid,0.2538236251220306,1,1,2
stg5diff1_S5d2_b2.bcFCMN,neurog3_mid,0.2434469200524246,0,1,2
stg5diff1_S5d2_b2.bcHMDT,neurog3_mid,0.282378782948259,1,1,2
stg5diff1_S5d2_b2.bcBGIT,sc_ec,0.4785386631716907,0,1,2
stg5diff1_S5d2_b2.bcHVFF,neurog3_mid,0.3389580602883355,0,1,2
stg5diff1_S5d2_b2.bcEIRQ,neurog3_mid,0.294397116644823,0,1,2
stg5diff1_S5d2_b2.bcBSYO,neurog3_mid,0.3035714285714285,0,1,2
stg5diff1_S5d2_b2.bcAZVG,neurog3_mid,0.2148591087811271,0,1,2
stg5diff1_S5d2_b2.bcCPIK,neurog3_early,0.2027334851936218,1,1,2
stg5diff1_S5d2_b2.bcDDSC,neurog3_mid,0.3111893840104849,0,1,2
stg5diff1_S5d2_b2.bcDJGW,prog_nkx61,0.1207289293849658,1,1,2
stg5diff1_S5d2_b2.bcEZJN,neurog3_mid,0.2263260657338106,1,1,2
stg5diff1_S5d2_b2.bcGDRA,neurog3_mid,0.2562642369020501,1,1,2
stg5diff1_S5d2_b2.bcBXNB,neurog3_mid,0.3202896192645623,1,1,2
stg5diff1_S5d2_b2.bcHPMK,neurog3_mid,0.2166612057667103,0,1,2
stg5diff1_S5d2_b2.bcATST,neurog3_mid,0.2719528178243774,0,1,2
stg5diff1_S5d2_b2.bcGIPS,neurog3_mid,0.2637614678899082,0,1,2
stg5diff1_S5d2_b2.bcBKZT,neurog3_mid,0.2076507208387942,0,1,2
stg5diff1_S5d2_b2.bcCLFX,neurog3_mid,0.2687581913499344,0,1,2
stg5diff1_S5d2_b2.bcAQOP,prog_nkx61,0.1053530751708428,1,1,2
stg5diff1_S5d2_b2.bcFWLN,neurog3_mid,0.2316954116498535,1,1,2
stg5diff1_S5d2_b2.bcENRE,neurog3_mid,0.2452001301659616,1,1,2
stg5diff1_S5d2_b2.bcCOIR,neurog3_mid,0.2435288335517693,0,1,2
stg5diff1_S5d3_b2.bcHZRH,neurog3_late,0.3981815203145478,0,1,3
stg5diff1_S5d3_b2.bcFALI,neurog3_late,0.3602342987308818,1,1,3
stg5diff1_S5d3_b2.bcBEGY,sc_beta,0.9623721881390592,1,1,3
stg5diff1_S5d3_b2.bcHXHA,sc_ec,0.5058754406580493,0,1,3
stg5diff1_S5d3_b2.bcFGUD,prog_nkx61,0.1279694109990237,1,1,3
stg5diff1_S5d3_b2.bcBCLK,neurog3_late,0.3433127237227465,1,1,3
stg5diff1_S5d3_b2.bcBVHL,neurog3_early,0.1745576671035386,0,1,3
stg5diff1_S5d3_b2.bcFZGM,neurog3_early,0.1980149690855841,1,1,3
stg5diff1_S5d3_b2.bcIFRF,neurog3_late,0.4834534731323722,0,1,3
stg5diff1_S5d3_b2.bcEKLD,neurog3_late,0.4818581191018549,1,1,3
stg5diff1_S5d3_b2.bcFWCL,prog_nkx61,0.0929059550927432,1,1,3
stg5diff1_S5d3_b2.bcEKFO,neurog3_late,0.4912352555701179,0,1,3
stg5diff1_S5d3_b2.bcGRWG,neurog3_late,0.3435567849007485,1,1,3
stg5diff1_S5d3_b2.bcFIHL,neurog3_late,0.4245576671035386,0,1,3
stg5diff1_S5d3_b2.bcCHJS,sc_beta,0.8357873210633947,1,1,3
stg5diff1_S5d3_b2.bcEOMA,sc_ec,0.5305522914218567,0,1,3
stg5diff1_S5d3_b2.bcEHMI,sc_beta,0.6875255623721881,1,1,3
stg5diff1_S5d3_b2.bcFUJI,neurog3_late,0.430045871559633,0,1,3
stg5diff1_S5d3_b2.bcFORO,prog_nkx61,0.1266382699868938,0,1,3
stg5diff1_S5d3_b2.bcHDZA,prog_nkx61,0.1265563564875491,0,1,3
stg5diff1_S5d3_b2.bcFITA,neurog3_late,0.3851572739187418,0,1,3
stg5diff1_S5d3_b2.bcFKLK,neurog3_mid,0.2871068152031454,0,1,3
stg5diff1_S5d3_b2.bcEELT,neurog3_late,0.3774574049803407,0,1,3
stg5diff1_S5d3_b2.bcDOJY,sc_ec,0.7946533490011751,0,1,3
stg5diff1_S5d3_b2.bcCXJQ,neurog3_late,0.4226326065733811,1,1,3
stg5diff1_S5d3_b2.bcBMNS,neurog3_mid,0.2218516108037748,1,1,3
stg5diff1_S5d3_b2.bcHFMS,neurog3_late,0.3726814188089814,1,1,3
stg5diff1_S5d3_b2.bcEKFE,neurog3_mid,0.2290301441677588,0,1,3
stg5diff1_S5d3_b2.bcBVDM,neurog3_mid,0.2845753335502766,1,1,3
stg5diff1_S5d3_b2.bcHPKE,neurog3_early,0.1841848356654734,1,1,3
stg5diff1_S5d3_b2.bcGFZA,neurog3_late,0.4262121705174096,1,1,3
stg5diff1_S5d3_b2.bcAUIX,neurog3_mid,0.2480475105759843,1,1,3
stg5diff1_S5d3_b2.bcBINU,neurog3_mid,0.3288007863695937,0,1,3
stg5diff1_S5d3_b2.bcHSCL,neurog3_late,0.4004230393752034,1,1,3
stg5diff1_S5d3_b2.bcIGZC,sc_beta,0.6398773006134969,1,1,3
stg5diff1_S5d3_b2.bcEABI,neurog3_mid,0.2264074194598112,1,1,3
stg5diff1_S5d3_b2.bcGNFX,sc_beta,0.6744376278118609,1,1,3
stg5diff1_S5d3_b2.bcBLNO,neurog3_late,0.4199705111402359,0,1,3
stg5diff1_S5d3_b2.bcFANW,neurog3_mid,0.3226488773185812,1,1,3
stg5diff1_S5d3_b2.bcBXHF,sc_beta,0.4912137975919297,1,1,3
stg5diff1_S5d3_b2.bcGVNX,neurog3_late,0.4551933158584534,0,1,3
stg5diff1_S5d3_b2.bcGSOE,neurog3_late,0.3508355176933158,0,1,3
stg5diff1_S5d3_b2.bcABMS,neurog3_early,0.1759501965923984,0,1,3
stg5diff1_S5d3_b2.bcHRQU,neurog3_late,0.4067005242463958,0,1,3
stg5diff1_S5d3_b2.bcGHVF,neurog3_mid,0.2849770642201835,0,1,3
stg5diff1_S5d3_b2.bcHGDR,neurog3_late,0.389089121887287,0,1,3
stg5diff1_S5d3_b2.bcERIH,neurog3_mid,0.3278178243774574,0,1,3
stg5diff1_S5d3_b2.bcGXMR,sc_ec,0.5221797884841363,0,1,3
stg5diff1_S5d3_b2.bcHMGO,neurog3_mid,0.3592726081258191,0,1,3
stg5diff1_S5d3_b2.bcDIKJ,neurog3_mid,0.3251146788990826,0,1,3
stg5diff1_S5d3_b2.bcBZSP,neurog3_mid,0.3151212319790301,0,1,3
stg5diff1_S5d3_b2.bcBGJQ,neurog3_late,0.3680442564269443,1,1,3
stg5diff1_S5d3_b2.bcAZHA,neurog3_late,0.3673120728929385,1,1,3
stg5diff1_S5d3_b2.bcDOLX,neurog3_late,0.3626749105109014,1,1,3
stg5diff1_S5d3_b2.bcAIEO,neurog3_early,0.2066384640416531,1,1,3
stg5diff1_S5d3_b2.bcEFRL,neurog3_mid,0.2184633027522936,0,1,3
stg5diff1_S5d3_b2.bcGWXT,neurog3_early,0.1570281782437745,0,1,3
stg5diff1_S5d3_b2.bcEMKB,neurog3_late,0.470631304913765,1,1,3
stg5diff1_S5d3_b2.bcBUKM,prog_nkx61,0.1123034076015727,0,1,3
stg5diff1_S5d3_b2.bcAMRN,neurog3_mid,0.3608037748128864,1,1,3
stg5diff1_S5d4_b2.bcFBVF,neurog3_late,0.4430523917995444,1,1,4
stg5diff1_S5d4_b2.bcHNZS,neurog3_late,0.391218872870249,0,1,4
stg5diff1_S5d4_b2.bcHYPL,sc_ec,0.7918625146886016,0,1,4
stg5diff1_S5d4_b2.bcDWNP,sc_beta,0.5938650306748466,1,1,4
stg5diff1_S5d4_b2.bcHILU,sc_ec,0.675822561692127,0,1,4
stg5diff1_S5d4_b2.bcAWNI,sc_ec,0.6695064629847238,0,1,4
stg5diff1_S5d4_b2.bcAHBN,prog_nkx61,0.0882687927107061,1,1,4
stg5diff1_S5d4_b2.bcCEPO,neurog3_late,0.3940774487471526,1,1,4
stg5diff1_S5d4_b2.bcALGI,sc_ec,0.7608695652173914,0,1,4
stg5diff1_S5d4_b2.bcCLKL,neurog3_late,0.3485193621867881,1,1,4
stg5diff1_S5d4_b2.bcEZEZ,neurog3_late,0.4458184184835665,1,1,4
stg5diff1_S5d4_b2.bcDYAL,sc_beta,0.8486707566462168,1,1,4
stg5diff1_S5d4_b2.bcGZIJ,neurog3_late,0.3854030144167759,0,1,4
stg5diff1_S5d4_b2.bcHXGL,neurog3_mid,0.2556947608200455,1,1,4
stg5diff1_S5d4_b2.bcFEGB,neurog3_late,0.3566547347868532,1,1,4
stg5diff1_S5d4_b2.bcATDP,sc_ec,0.939042303172738,0,1,4
stg5diff1_S5d4_b2.bcFBKA,neurog3_early,0.1756225425950196,0,1,4
stg5diff1_S5d4_b2.bcAIQL,sc_ec,0.5195358401880141,0,1,4
stg5diff1_S5d4_b2.bcAXOB,neurog3_mid,0.2196920052424639,0,1,4
stg5diff1_S5d4_b2.bcENLT,neurog3_mid,0.3237878294825903,1,1,4
stg5diff1_S5d4_b2.bcBJTD,neurog3_mid,0.26374877969411,1,1,4
stg5diff1_S5d4_b2.bcDZXA,neurog3_late,0.4314384010484928,0,1,4
stg5diff1_S5d4_b2.bcGEQS,prog_nkx61,0.1059225512528473,1,1,4
stg5diff1_S5d4_b2.bcFIAA,sc_ec,0.9910399529964748,0,1,4
stg5diff1_S5d4_b2.bcFBLL,neurog3_late,0.4753498210218028,1,1,4
stg5diff1_S5d4_b2.bcGGKT,neurog3_late,0.4262935242434103,1,1,4
stg5diff1_S5d4_b2.bcGMUE,sc_ec,0.754406580493537,0,1,4
stg5diff1_S5d4_b2.bcDZHH,neurog3_late,0.3331422018348624,0,1,4
stg5diff1_S5d4_b2.bcGNBL,sc_beta,0.9413087934560328,1,1,4
stg5diff1_S5d4_b2.bcDHOC,sc_beta,0.6126789366053169,1,1,4
stg5diff1_S5d4_b2.bcHIPO,neurog3_mid,0.3404653433127237,1,1,4
stg5diff1_S5d4_b2.bcAWUG,prog_nkx61,0.1418741808650065,0,1,4
stg5diff1_S5d4_b2.bcHBFU,sc_ec,0.8910105757931845,0,1,4
stg5diff1_S5d4_b2.bcCVUJ,sc_ec,0.6977085781433607,0,1,4
stg5diff1_S5d4_b2.bcEDXK,prog_nkx61,0.131874389847055,1,1,4
stg5diff1_S5d4_b2.bcGJIP,sc_ec,0.6567273795534665,0,1,4
stg5diff1_S5d4_b2.bcEZAT,neurog3_late,0.4904002603319232,1,1,4
stg5diff1_S5d4_b2.bcCYPG,neurog3_late,0.3684510250569476,1,1,4
stg5diff1_S5d4_b2.bcHQZS,neurog3_late,0.4539537910836316,1,1,4
stg5diff1_S5d4_b2.bcBWHW,neurog3_late,0.3469036697247706,0,1,4
stg5diff1_S5d4_b2.bcGJZT,neurog3_late,0.4800950196592398,0,1,4
stg5diff1_S5d4_b2.bcDDBC,neurog3_early,0.1432639114871461,1,1,4
stg5diff1_S5d4_b2.bcAWYS,sc_ec,0.7508813160987073,0,1,4
stg5diff1_S5d4_b2.bcGACK,sc_ec,0.4905799475753604,0,1,4
stg5diff1_S5d4_b2.bcCYLG,neurog3_late,0.4874715261958998,1,1,4
stg5diff1_S5d4_b2.bcAEOY,sc_beta,0.9366053169734152,1,1,4
stg5diff1_S5d4_b2.bcGWSU,sc_beta,0.5071574642126789,1,1,4
stg5diff1_S5d4_b2.bcCEUD,neurog3_late,0.460380735437683,1,1,4
stg5diff1_S5d4_b2.bcDZFS,neurog3_mid,0.2823558322411533,0,1,4
stg5diff1_S5d4_b2.bcBXEQ,sc_ec,0.8080199764982374,0,1,4
stg5diff1_S5d4_b2.bcICKO,sc_ec,0.4696920052424639,0,1,4
stg5diff1_S5d4_b2.bcHSXD,neurog3_mid,0.2102719528178243,0,1,4
stg5diff1_S5d4_b2.bcERZP,sc_beta,0.7231083844580777,1,1,4
stg5diff1_S5d4_b2.bcCKUS,sc_beta,0.5875255623721881,1,1,4
stg5diff1_S5d4_b2.bcBEZY,neurog3_late,0.386999674585096,1,1,4
stg5diff1_S5d4_b2.bcHNFA,neurog3_mid,0.3232997071265864,1,1,4
stg5diff1_S5d4_b2.bcDGHW,neurog3_mid,0.3095511140235911,0,1,4
stg5diff1_S5d4_b2.bcIHJY,neurog3_mid,0.3079128440366973,0,1,4
stg5diff1_S5d4_b2.bcCUWB,sc_ec,0.5932726204465335,0,1,4
stg5diff1_S5d4_b2.bcGBNS,neurog3_mid,0.3042629352424341,1,1,4
stg5diff1_S5d4_b2.bcBCCS,sc_ec,0.7341363102232668,0,1,4
stg5diff1_S5d4_b2.bcEZGT,neurog3_mid,0.2472149410222804,0,1,4
stg5diff1_S5d4_b2.bcDMHQ,neurog3_late,0.3259338138925295,0,1,4
stg5diff1_S5d4_b2.bcAPFL,neurog3_late,0.3932639114871461,1,1,4
stg5diff1_S5d4_b2.bcFRKO,sc_beta,0.4793361535958347,1,1,4
stg5diff1_S5d4_b2.bcFMYM,neurog3_late,0.4479336153595835,1,1,4
stg5diff1_S5d5_b2.bcHWVR,sc_beta,0.616359918200409,1,1,5
stg5diff1_S5d5_b2.bcIBCP,sc_beta,0.6476482617586912,1,1,5
stg5diff1_S5d5_b2.bcAAXE,sc_ec,0.8099294947121034,0,1,5
stg5diff1_S5d5_b2.bcHBKV,neurog3_late,0.3726000650829808,1,1,5
stg5diff1_S5d5_b2.bcIJTZ,sc_ec,0.5392185663924794,0,1,5
stg5diff1_S5d5_b2.bcFZNG,neurog3_late,0.3727064220183486,0,1,5
stg5diff1_S5d5_b2.bcGPQN,neurog3_late,0.3651968760169216,1,1,5
stg5diff1_S5d5_b2.bcCANP,sc_ec,0.9150998824911868,0,1,5
stg5diff1_S5d5_b2.bcANYT,sc_ec,0.8325499412455935,0,1,5
stg5diff1_S5d5_b2.bcEECN,sc_ec,0.7549941245593419,0,1,5
stg5diff1_S5d5_b2.bcHFTB,sc_ec,0.9697414806110458,0,1,5
stg5diff1_S5d5_b2.bcBLGJ,neurog3_late,0.4290595509274325,1,1,5
stg5diff1_S5d5_b2.bcHUWN,sc_beta,0.7269938650306749,1,1,5
stg5diff1_S5d5_b2.bcHGQY,sc_ec,0.9637191539365452,0,1,5
stg5diff1_S5d5_b2.bcGNGO,sc_beta,0.5460122699386503,1,1,5
stg5diff1_S5d5_b2.bcHZVG,sc_beta,0.679959100204499,1,1,5
stg5diff1_S5d5_b2.bcHASP,sc_ec,0.7868683901292597,0,1,5
stg5diff1_S5d5_b2.bcFCPN,sc_beta,0.5040899795501023,1,1,5
stg5diff1_S5d5_b2.bcCCEJ,neurog3_late,0.4227953140253823,1,1,5
stg5diff1_S5d5_b2.bcCOGM,sc_ec,0.497870249017038,0,1,5
stg5diff1_S5d5_b2.bcGRRB,sc_ec,0.751909518213866,0,1,5
stg5diff1_S5d5_b2.bcHCDN,sc_ec,0.812867215041128,0,1,5
stg5diff1_S5d5_b2.bcGBKT,sc_beta,0.6707566462167689,1,1,5
stg5diff1_S5d5_b2.bcFNTU,sc_ec,0.9430082256169212,0,1,5
stg5diff1_S5d5_b2.bcEVMP,neurog3_mid,0.3491701919947934,1,1,5
stg5diff1_S5d5_b2.bcHOLJ,neurog3_mid,0.3897657012691181,1,1,5
stg5diff1_S5d5_b2.bcADYP,sc_ec,0.5995887191539365,0,1,5
stg5diff1_S5d5_b2.bcCOLP,sc_ec,0.6982961222091657,0,1,5
stg5diff1_S5d5_b2.bcABJL,sc_beta,0.9447852760736196,1,1,5
stg5diff1_S5d5_b2.bcHGMJ,neurog3_mid,0.2903833551769331,0,1,5
stg5diff1_S5d5_b2.bcEDXJ,sc_ec,0.5019095182138661,0,1,5
stg5diff1_S5d5_b2.bcEXFO,sc_beta,0.8813905930470347,1,1,5
stg5diff1_S5d5_b2.bcEUFH,sc_ec,0.6915393654524089,0,1,5
stg5diff1_S5d5_b2.bcDWAX,neurog3_late,0.4445981125935568,1,1,5
stg5diff1_S5d5_b2.bcACFV,sc_beta,0.9539877300613496,1,1,5
stg5diff1_S5d5_b2.bcFYSE,sc_ec,0.5909224441833137,0,1,5
stg5diff1_S5d5_b2.bcICNF,neurog3_early,0.2045232671656361,1,1,5
stg5diff1_S5d5_b2.bcHALH,neurog3_late,0.4272608125819135,0,1,5
stg5diff1_S5d5_b2.bcEKED,sc_beta,0.6734151329243354,1,1,5
stg5diff1_S5d5_b2.bcAWXN,neurog3_late,0.4063618613732509,1,1,5
stg5diff1_S5d5_b2.bcDOEW,sc_ec,0.7411868390129259,0,1,5
stg5diff1_S5d5_b2.bcDFPX,sc_ec,0.6769976498237368,0,1,5
stg5diff1_S5d5_b2.bcGTEZ,neurog3_mid,0.3070289619264562,1,1,5
stg5diff1_S5d5_b2.bcEUOW,sc_ec,0.6664218566392479,0,1,5
stg5diff1_S5d5_b2.bcFOLH,neurog3_late,0.4217726081258191,0,1,5
stg5diff1_S5d5_b2.bcDRDU,neurog3_late,0.4157929226736566,0,1,5
stg5diff1_S5d5_b2.bcARWK,neurog3_late,0.4499674585095997,1,1,5
stg5diff1_S5d5_b2.bcCSIP,sc_ec,0.7137191539365453,0,1,5
stg5diff1_S5d5_b2.bcBLFN,sc_beta,0.8096114519427403,1,1,5
stg5diff1_S5d5_b2.bcDCSW,sc_beta,0.6566462167689162,1,1,5
stg5diff1_S5d5_b2.bcFEIY,neurog3_late,0.459043250327654,0,1,5
stg5diff1_S5d5_b2.bcGUUA,sc_ec,0.4691186107470511,0,1,5
stg5diff1_S5d5_b2.bcAAMM,neurog3_late,0.4037585421412301,1,1,5
stg5diff1_S5d5_b2.bcGQYG,neurog3_late,0.3936762778505898,0,1,5
stg5diff1_S5d5_b2.bcIAVR,prog_nkx61,0.1134070940449072,1,1,5
stg5diff1_S5d5_b2.bcDKQF,sc_beta,0.8877300613496932,1,1,5
stg5diff1_S5d5_b2.bcEKMN,neurog3_late,0.4755897771952818,0,1,5
stg5diff1_S5d5_b2.bcEUNA,sc_ec,0.8949764982373678,0,1,5
stg5diff1_S5d5_b2.bcFJSK,sc_beta,0.8390593047034764,1,1,5
stg5diff1_S5d5_b2.bcBKGS,sc_ec,0.7326674500587544,0,1,5
stg5diff1_S5d5_b2.bcDDTW,sc_beta,0.8523517382413088,1,1,5
stg5diff1_S5d5_b2.bcCTNH,sc_ec,0.8312279670975323,0,1,5
stg5diff1_S5d6_b2.bcHMJY,sc_beta,0.6646216768916156,1,1,6
stg5diff1_S5d6_b2.bcHBEQ,sc_beta,0.847239263803681,1,1,6
stg5diff1_S5d6_b2.bcFTVS,sc_beta,0.9701431492842536,1,1,6
stg5diff1_S5d6_b2.bcHYTC,neurog3_late,0.373935124508519,0,1,6
stg5diff1_S5d6_b2.bcDXAO,neurog3_late,0.4050602017572405,1,1,6
stg5diff1_S5d6_b2.bcBYNB,sc_beta,0.4789293849658314,1,1,6
stg5diff1_S5d6_b2.bcICQQ,sc_beta,0.7607361963190185,1,1,6
stg5diff1_S5d6_b2.bcAVKL,sc_beta,0.9666666666666668,1,1,6
stg5diff1_S5d6_b2.bcHSWA,sc_ec,0.9195064629847238,0,1,6
stg5diff1_S5d6_b2.bcIDGI,neurog3_late,0.4673165137614679,0,1,6
stg5diff1_S5d6_b2.bcEYYH,neurog3_late,0.3793414154652686,0,1,6
stg5diff1_S5d6_b2.bcEXDB,sc_ec,0.6436545240893067,0,1,6
stg5diff1_S5d6_b2.bcFMRD,neurog3_late,0.3545395379108363,1,1,6
stg5diff1_S5d6_b2.bcFOAG,sc_ec,0.8061104582843713,0,1,6
stg5diff1_S5d6_b2.bcAFAG,sc_beta,0.8828220858895706,1,1,6
stg5diff1_S5d6_b2.bcFFZZ,sc_ec,0.5865158636897767,0,1,6
stg5diff1_S5d6_b2.bcFPGI,sc_ec,0.8858695652173914,0,1,6
stg5diff1_S5d6_b2.bcAXZJ,sc_beta,0.6204498977505113,1,1,6
stg5diff1_S5d6_b2.bcGIGB,neurog3_mid,0.2393426618939147,1,1,6
stg5diff1_S5d6_b2.bcBPVN,neurog3_late,0.6918200408997955,1,1,6
stg5diff1_S5d6_b2.bcFRAQ,sc_ec,0.6949177438307873,0,1,6
stg5diff1_S5d6_b2.bcBQJC,sc_beta,0.8443762781186094,1,1,6
stg5diff1_S5d6_b2.bcHKGX,sc_ec,0.6642185663924794,0,1,6
stg5diff1_S5d6_b2.bcCMBN,sc_beta,0.6556237218813906,1,1,6
stg5diff1_S5d6_b2.bcFIVC,sc_ec,0.5436251468860165,0,1,6
stg5diff1_S5d6_b2.bcDBVW,neurog3_late,0.4721770257077774,1,1,6
stg5diff1_S5d6_b2.bcEDPG,sc_ec,0.6863983548766157,0,1,6
stg5diff1_S5d6_b2.bcGAZE,sc_ec,0.9099588719153936,0,1,6
stg5diff1_S5d6_b2.bcCRMU,sc_ec,0.638807285546416,0,1,6
stg5diff1_S5d6_b2.bcCFPP,sc_beta,0.9938650306748468,1,1,6
stg5diff1_S5d6_b2.bcHEZZ,sc_ec,0.8678025851938895,0,1,6
stg5diff1_S5d6_b2.bcHXJK,sc_beta,0.574642126789366,1,1,6
stg5diff1_S5d6_b2.bcFZJH,prog_nkx61,0.1021461336828309,0,1,6
stg5diff1_S5d6_b2.bcBWIJ,sc_ec,0.943448883666275,0,1,6
stg5diff1_S5d6_b2.bcHMUR,sc_ec,0.7463278495887191,0,1,6
stg5diff1_S5d6_b2.bcHTBY,prog_nkx61,0.1128376179629027,1,1,6
stg5diff1_S5d6_b2.bcCHXE,sc_beta,0.9310838445807772,1,1,6
stg5diff1_S5d6_b2.bcFXJP,sc_ec,0.7441245593419507,0,1,6
stg5diff1_S5d6_b2.bcCKNQ,sc_beta,0.707157464212679,1,1,6
stg5diff1_S5d6_b2.bcEZCX,neurog3_late,0.4702245362837618,1,1,6
stg5diff1_S5d6_b2.bcAQMT,sc_beta,0.6568507157464213,1,1,6
stg5diff1_S5d6_b2.bcAPBO,sc_ec,0.5208578143360753,0,1,6
stg5diff1_S5d6_b2.bcBXLR,sc_beta,0.879959100204499,1,1,6
stg5diff1_S5d6_b2.bcFKPA,sc_beta,0.9331288343558282,1,1,6
stg5diff1_S5d6_b2.bcBVCH,neurog3_late,0.4520826553856166,1,1,6
stg5diff1_S5d6_b2.bcFOBZ,sc_ec,0.8697121034077555,0,1,6
stg5diff1_S5d6_b2.bcCIWV,neurog3_late,0.500587544065805,0,1,6
stg5diff1_S5d6_b2.bcFSJM,sc_ec,0.9576968272620446,0,1,6
stg5diff1_S5d6_b2.bcCQDS,neurog3_late,0.4553571428571428,0,1,6
stg5diff1_S5d6_b2.bcEDDX,sc_ec,0.7802585193889542,0,1,6
stg5diff1_S5d6_b2.bcGOUX,sc_beta,0.5261758691206544,1,1,6
stg5diff1_S5d6_b2.bcFAFF,sc_ec,0.6772914218566393,0,1,6
stg5diff1_S5d6_b2.bcAZYU,sc_beta,0.6202453987730061,1,1,6
stg5diff1_S5d6_b2.bcEOTS,sc_beta,0.5042944785276073,1,1,6
stg5diff1_S5d6_b2.bcCBMV,sc_ec,0.8030258519388954,0,1,6
stg5diff1_S5d6_b2.bcHCIT,sc_ec,0.9615158636897768,0,1,6
stg5diff1_S5d6_b2.bcIFSU,sc_beta,0.8292433537832311,1,1,6
stg5diff1_S5d6_b2.bcASUU,sc_ec,0.8473854289071681,0,1,6
stg5diff1_S5d6_b2.bcDKUY,neurog3_late,0.4295476732834364,1,1,6
stg5diff1_S5d6_b2.bcDSPS,sc_beta,0.96359918200409,1,1,6
stg5diff1_S5d6_b2.bcDZCS,neurog3_late,0.4135209892613081,1,1,6
stg5diff1_S5d6_b2.bcGDRD,neurog3_late,0.3416042954767328,1,1,6
stg5diff1_S5d6_b2.bcDNFJ,neurog3_late,0.5566980023501763,0,1,6
stg5diff1_S5d6_b2.bcDCNX,sc_beta,0.4959323136999674,1,1,6
stg5diff1_S5d6_b2.bcBCLB,neurog3_late,0.4561503416856492,1,1,6
stg5diff1_S5d7_b2.bcGRLJ,sc_ec,0.6808166862514688,0,1,7
stg5diff1_S5d7_b2.bcHGIY,sc_ec,0.6700940070505288,0,1,7
stg5diff1_S5d7_b2.bcDZPZ,sc_ec,0.9374265569917744,0,1,7
stg5diff1_S5d7_b2.bcCYYS,sc_ec,0.8576674500587544,0,1,7
stg5diff1_S5d7_b2.bcGXOA,sc_ec,0.5831374853113983,0,1,7
stg5diff1_S5d7_b2.bcACGZ,sc_ec,0.6452702702702703,0,1,7
stg5diff1_S5d7_b2.bcHBUJ,sc_ec,0.9438895417156288,0,1,7
stg5diff1_S5d7_b2.bcEMEL,sc_ec,0.6969741480611046,0,1,7
stg5diff1_S5d7_b2.bcDLDF,sc_beta,0.9149284253578732,1,1,7
stg5diff1_S5d7_b2.bcFBJZ,sc_ec,0.7970035252643948,0,1,7
stg5diff1_S5d7_b2.bcGYWG,neurog3_mid,0.2133908232997071,1,1,7
stg5diff1_S5d7_b2.bcEKHR,sc_beta,0.6977505112474438,1,1,7
stg5diff1_S5d7_b2.bcGLCX,sc_beta,0.698159509202454,1,1,7
stg5diff1_S5d7_b2.bcHJZG,sc_beta,0.4841360234298731,1,1,7
stg5diff1_S5d7_b2.bcIDAL,sc_ec,0.7444183313748531,0,1,7
stg5diff1_S5d7_b2.bcHGTT,sc_beta,0.8396728016359918,1,1,7
stg5diff1_S5d7_b2.bcFSQC,sc_ec,0.917743830787309,0,1,7
stg5diff1_S5d7_b2.bcGYYZ,sc_beta,0.9390593047034764,1,1,7
stg5diff1_S5d7_b2.bcBBQL,sc_beta,0.7566462167689161,1,1,7
stg5diff1_S5d7_b2.bcGIKV,sc_ec,0.8679494712103408,0,1,7
stg5diff1_S5d7_b2.bcFEMB,neurog3_late,0.3982264887731858,1,1,7
stg5diff1_S5d7_b2.bcFDDG,sc_ec,0.7212103407755581,0,1,7
stg5diff1_S5d7_b2.bcIIJW,neurog3_late,0.46141874180865,0,1,7
stg5diff1_S5d7_b2.bcFCPX,sc_beta,0.8627811860940695,1,1,7
stg5diff1_S5d7_b2.bcFPZI,sc_beta,0.9591002044989776,1,1,7
stg5diff1_S5d7_b2.bcBBVV,neurog3_late,0.3922876667751383,1,1,7
stg5diff1_S5d7_b2.bcCZTS,sc_beta,0.8797546012269939,1,1,7
stg5diff1_S5d7_b2.bcGDRO,sc_ec,0.9606345475910694,0,1,7
stg5diff1_S5d7_b2.bcDSVG,neurog3_mid,0.2205930537352555,0,1,7
stg5diff1_S5d7_b2.bcHNYZ,neurog3_mid,0.2025720838794233,0,1,7
stg5diff1_S5d7_b2.bcFRYE,sc_beta,0.7619631901840491,1,1,7
stg5diff1_S5d7_b2.bcBVXU,sc_ec,0.6725910693301997,0,1,7
stg5diff1_S5d7_b2.bcHKED,sc_ec,0.6207403055229143,0,1,7
stg5diff1_S5d7_b2.bcIKAB,neurog3_mid,0.2757208387942333,0,1,7
stg5diff1_S5d7_b2.bcBEFC,sc_beta,0.7298568507157464,1,1,7
stg5diff1_S5d7_b2.bcEFIA,sc_beta,0.8210633946830266,1,1,7
stg5diff1_S5d7_b2.bcBPRQ,sc_beta,0.912678936605317,1,1,7
stg5diff1_S5d7_b2.bcAKAL,neurog3_late,0.4597804718217562,0,1,7
stg5diff1_S5d7_b2.bcGWKV,neurog3_mid,0.3209404490725675,1,1,7
stg5diff1_S5d7_b2.bcBBVA,sc_ec,0.5189482961222092,0,1,7
stg5diff1_S5d7_b2.bcBBJT,sc_ec,0.5317273795534665,0,1,7
stg5diff1_S5d7_b2.bcGGBW,neurog3_late,0.4519167758846658,0,1,7
stg5diff1_S5d7_b2.bcHLOS,neurog3_mid,0.2381223560039049,1,1,7
stg5diff1_S5d7_b2.bcDHFU,sc_ec,0.8172737955346652,0,1,7
stg5diff1_S5d7_b2.bcDCEL,neurog3_late,0.4253768020969856,0,1,7
stg5diff1_S5d7_b2.bcELXC,sc_beta,0.6006134969325153,1,1,7
stg5diff1_S5d7_b2.bcALCD,sc_beta,0.7480572597137014,1,1,7
stg5diff1_S5d7_b2.bcEYJP,sc_beta,0.8083844580777095,1,1,7
stg5diff1_S5d7_b2.bcBMBY,sc_beta,0.8157464212678937,1,1,7
stg5diff1_S5d7_b2.bcGNUM,neurog3_late,0.4736413927757891,1,1,7
stg5diff1_S5d7_b2.bcBOEY,neurog3_mid,0.2944191343963553,1,1,7
stg5diff1_S5d7_b2.bcBQPJ,sc_beta,0.5730061349693252,1,1,7
stg5diff1_S5d7_b2.bcFWCL,sc_beta,0.9736196319018404,1,1,7
stg5diff1_S5d7_b2.bcEPKK,sc_ec,0.907021151586369,0,1,7
stg5diff1_S5d7_b2.bcCSXK,neurog3_mid,0.2069638789456557,1,1,7
stg5diff1_S5d7_b2.bcDDFG,sc_ec,0.8394535840188014,0,1,7
stg5diff1_S5d7_b2.bcEMCC,neurog3_late,0.518200408997955,1,1,7
stg5diff2_S5d0_b2.bcBBZK,prog_nkx61,0.0088466579292267,0,2,0
stg5diff2_S5d0_b2.bcDWXU,prog_nkx61,0.0656127129750983,0,2,0
stg5diff2_S5d0_b2.bcHHDZ,prog_nkx61,0.0181418808981451,1,2,0
stg5diff2_S5d0_b2.bcIEAI,prog_nkx61,0.0135860722421086,1,2,0
stg5diff2_S5d0_b2.bcDIEL,prog_nkx61,0.0806028833551769,0,2,0
stg5diff2_S5d0_b2.bcHHDG,prog_nkx61,0.0269280833062154,1,2,0
stg5diff2_S5d0_b2.bcGSMN,prog_nkx61,0.0263761467889908,0,2,0
stg5diff2_S5d0_b2.bcHWWX,prog_nkx61,0.0396192645623169,1,2,0
stg5diff2_S5d0_b2.bcEUZE,prog_nkx61,0.0203145478374836,0,2,0
stg5diff2_S5d0_b2.bcBVSY,prog_nkx61,0.0785876993166287,1,2,0
stg5diff2_S5d0_b2.bcDZCW,prog_nkx61,0.0129352424341034,1,2,0
stg5diff2_S5d0_b2.bcAQYQ,prog_nkx61,0.0459648551903677,1,2,0
stg5diff2_S5d0_b2.bcHVHO,prog_nkx61,0.0820773263433813,0,2,0
stg5diff2_S5d0_b2.bcEHXS,prog_nkx61,0.0777359108781127,0,2,0
stg5diff2_S5d0_b2.bcFZRB,prog_nkx61,0.0350589777195281,0,2,0
stg5diff2_S5d0_b2.bcCDSS,prog_nkx61,0.0148877318581191,1,2,0
stg5diff2_S5d0_b2.bcELAS,prog_nkx61,0.0055320533680442,1,2,0
stg5diff2_S5d0_b2.bcHQNE,prog_nkx61,0.0180605271721444,1,2,0
stg5diff2_S5d0_b2.bcGJAR,prog_nkx61,0.0726488773185811,1,2,0
stg5diff2_S5d0_b2.bcETEJ,prog_nkx61,0.0503579563944028,1,2,0
stg5diff2_S5d0_b2.bcEGXH,prog_nkx61,0.033502621231979,0,2,0
stg5diff2_S5d0_b2.bcHFWR,prog_nkx61,0.0834698558322411,0,2,0
stg5diff2_S5d0_b2.bcHSXN,prog_nkx61,0.0250655307994757,0,2,0
stg5diff2_S5d0_b2.bcHMFT,prog_nkx61,0.0615847705824926,1,2,0
stg5diff2_S5d0_b2.bcHSRE,prog_nkx61,0.0108200455580865,1,2,0
stg5diff2_S5d0_b2.bcDDOE,prog_nkx61,0.0299381711682395,1,2,0
stg5diff2_S5d0_b2.bcAHEH,prog_nkx61,0.0149901703800786,0,2,0
stg5diff2_S5d0_b2.bcFXMZ,prog_nkx61,0.0582492678164659,1,2,0
stg5diff2_S5d0_b2.bcFSCS,prog_nkx61,0.003440366972477,0,2,0
stg5diff2_S5d0_b2.bcDLSL,prog_nkx61,0.0230176933158584,0,2,0
stg5diff2_S5d0_b2.bcATNP,prog_nkx61,0.0567035470224536,1,2,0
stg5diff2_S5d0_b2.bcGKMM,prog_nkx61,0.0764252948885976,0,2,0
stg5diff2_S5d0_b2.bcBSRT,prog_nkx61,0.0729030144167758,0,2,0
stg5diff2_S5d0_b2.bcDJUZ,prog_nkx61,0.0425950196592398,0,2,0
stg5diff2_S5d0_b2.bcGLSL,prog_nkx61,0.075524246395806,0,2,0
stg5diff2_S5d0_b2.bcFVHE,prog_nkx61,0.0216251638269986,0,2,0
stg5diff2_S5d0_b2.bcHIUD,prog_nkx61,0.0123689384010484,0,2,0
stg5diff2_S5d0_b2.bcGQXV,prog_nkx61,0.055045871559633,0,2,0
stg5diff2_S5d0_b2.bcHDOW,prog_nkx61,0.0813401048492791,0,2,0
stg5diff2_S5d0_b2.bcEXCF,prog_nkx61,0.0142369020501138,1,2,0
stg5diff2_S5d0_b2.bcFKTN,prog_nkx61,0.0690693133745525,1,2,0
stg5diff2_S5d0_b2.bcBZXM,prog_nkx61,0.0650393184796854,0,2,0
stg5diff2_S5d0_b2.bcABUI,prog_nkx61,0.032378782948259,1,2,0
stg5diff2_S5d0_b2.bcAJEA,prog_nkx61,0.0474292222583794,1,2,0
stg5diff2_S5d0_b2.bcGKKB,prog_nkx61,0.0232671656361861,1,2,0
stg5diff2_S5d0_b2.bcDMDH,prog_nkx61,0.0751708428246013,1,2,0
stg5diff2_S5d0_b2.bcCFOD,prog_nkx61,0.0362057667103538,0,2,0
stg5diff2_S5d0_b2.bcAPIA,prog_nkx61,0.0860091743119266,0,2,0
stg5diff2_S5d0_b2.bcFMJP,prog_nkx61,0.0189554181581516,1,2,0
stg5diff2_S5d0_b2.bcIAXJ,prog_nkx61,0.0636999674585096,1,2,0
stg5diff2_S5d0_b2.bcCHZY,prog_nkx61,0.0631553079947575,0,2,0
stg5diff2_S5d0_b2.bcHQWA,prog_nkx61,0.0086828309305373,0,2,0
stg5diff2_S5d0_b2.bcFDDZ,prog_nkx61,0.0112268141880898,1,2,0
stg5diff2_S5d0_b2.bcGAHC,prog_nkx61,0.0726572739187418,0,2,0
stg5diff2_S5d0_b2.bcFPKN,prog_nkx61,0.0163007863695937,0,2,0
stg5diff2_S5d1_b2.bcGEVJ,prog_nkx61,0.1012040351448096,1,2,1
stg5diff2_S5d1_b2.bcFBGF,neurog3_early,0.1592092417832736,1,2,1
stg5diff2_S5d1_b2.bcABZO,neurog3_mid,0.3056459485844451,1,2,1
stg5diff2_S5d1_b2.bcFYZO,neurog3_early,0.2184347543117474,1,2,1
stg5diff2_S5d1_b2.bcCDXS,prog_nkx61,0.1393589326391148,1,2,1
stg5diff2_S5d1_b2.bcEIKA,prog_nkx61,0.128132118451025,1,2,1
stg5diff2_S5d1_b2.bcAKMW,prog_nkx61,0.1386795543905635,0,2,1
stg5diff2_S5d1_b2.bcHVWG,prog_nkx61,0.0803571428571428,0,2,1
stg5diff2_S5d1_b2.bcGQGJ,neurog3_early,0.1625163826998689,0,2,1
stg5diff2_S5d1_b2.bcBEFS,prog_nkx61,0.1243446920052424,0,2,1
stg5diff2_S5d1_b2.bcHGQH,prog_nkx61,0.1399284087211194,1,2,1
stg5diff2_S5d1_b2.bcCVDA,neurog3_early,0.1555537352555701,0,2,1
stg5diff2_S5d1_b2.bcEOUQ,prog_nkx61,0.1043577981651376,0,2,1
stg5diff2_S5d1_b2.bcCVJK,prog_nkx61,0.1374877969410999,1,2,1
stg5diff2_S5d1_b2.bcEAOR,neurog3_early,0.1816628701594533,1,2,1
stg5diff2_S5d1_b2.bcGEBF,prog_nkx61,0.1037260006508298,1,2,1
stg5diff2_S5d1_b2.bcCNRB,neurog3_early,0.1459698558322411,0,2,1
stg5diff2_S5d1_b2.bcHQJS,prog_nkx61,0.1158256880733945,0,2,1
stg5diff2_S5d1_b2.bcBKNQ,neurog3_early,0.1834043250327654,0,2,1
stg5diff2_S5d1_b2.bcHFOX,prog_nkx61,0.141218872870249,0,2,1
stg5diff2_S5d1_b2.bcGIAE,prog_nkx61,0.0869102228047182,0,2,1
stg5diff2_S5d1_b2.bcDCGX,prog_nkx61,0.1116986657988935,1,2,1
stg5diff2_S5d1_b2.bcEVDG,neurog3_early,0.2186271297509829,0,2,1
stg5diff2_S5d1_b2.bcGXRT,neurog3_early,0.1934591604295476,1,2,1
stg5diff2_S5d1_b2.bcDCLC,prog_nkx61,0.0866644823066841,0,2,1
stg5diff2_S5d1_b2.bcGTEU,neurog3_early,0.1440858453473132,0,2,1
stg5diff2_S5d1_b2.bcGNIY,neurog3_early,0.1806052717214448,1,2,1
stg5diff2_S5d1_b2.bcHBIJ,prog_nkx61,0.1163358281809306,1,2,1
stg5diff2_S5d1_b2.bcEXRK,prog_nkx61,0.0879433778067035,1,2,1
stg5diff2_S5d1_b2.bcFRUO,neurog3_early,0.1519687601692157,1,2,1
stg5diff2_S5d1_b2.bcBLSC,neurog3_mid,0.2215760157273918,0,2,1
stg5diff2_S5d1_b2.bcCCDT,neurog3_early,0.1869508623494956,1,2,1
stg5diff2_S5d1_b2.bcESQL,prog_nkx61,0.1014908256880734,0,2,1
stg5diff2_S5d1_b2.bcFMQM,prog_nkx61,0.100634559062805,1,2,1
stg5diff2_S5d1_b2.bcDRNX,prog_nkx61,0.0894495412844036,0,2,1
stg5diff2_S5d1_b2.bcGTEZ,neurog3_early,0.1843475431174747,1,2,1
stg5diff2_S5d1_b2.bcEEDP,prog_nkx61,0.0914973787680209,0,2,1
stg5diff2_S5d1_b2.bcEYSN,neurog3_mid,0.2821920052424639,0,2,1
stg5diff2_S5d1_b2.bcDNHT,neurog3_early,0.1585584119752684,1,2,1
stg5diff2_S5d1_b2.bcICBY,neurog3_early,0.2091604295476732,1,2,1
stg5diff2_S5d1_b2.bcBSXF,neurog3_early,0.1740661861074705,0,2,1
stg5diff2_S5d1_b2.bcEWDM,neurog3_early,0.1938073394495413,0,2,1
stg5diff2_S5d1_b2.bcEHVE,prog_nkx61,0.0890399737876802,0,2,1
stg5diff2_S5d1_b2.bcERIA,prog_nkx61,0.1064106736088512,1,2,1
stg5diff2_S5d1_b2.bcAPRK,neurog3_early,0.1889847054995118,1,2,1
stg5diff2_S5d1_b2.bcDLFG,neurog3_early,0.1940286365115522,1,2,1
stg5diff2_S5d1_b2.bcHJOS,neurog3_early,0.1795543905635648,0,2,1
stg5diff2_S5d1_b2.bcENZT,neurog3_early,0.2069954128440367,0,2,1
stg5diff2_S5d1_b2.bcGOLE,neurog3_mid,0.2041284403669724,0,2,1
stg5diff2_S5d1_b2.bcHNSD,neurog3_early,0.1772608125819135,0,2,1
stg5diff2_S5d1_b2.bcDJTX,prog_nkx61,0.0936381386267491,1,2,1
stg5diff2_S5d1_b2.bcCNHX,prog_nkx61,0.1115359583468922,1,2,1
stg5diff2_S5d1_b2.bcFVZP,neurog3_mid,0.2365661861074705,0,2,1
stg5diff2_S5d1_b2.bcFUXD,neurog3_early,0.1575821672632606,1,2,1
stg5diff2_S5d1_b2.bcFZCV,prog_nkx61,0.1307339449541284,0,2,1
stg5diff2_S5d1_b2.bcASOM,neurog3_mid,0.1709534731323722,0,2,1
stg5diff2_S5d1_b2.bcFGJC,prog_nkx61,0.1382199804751057,1,2,1
stg5diff2_S5d2_b2.bcAXDB,neurog3_early,0.1678327367393426,1,2,2
stg5diff2_S5d2_b2.bcAAUR,neurog3_late,0.3610478359908883,1,2,2
stg5diff2_S5d2_b2.bcCNJX,neurog3_early,0.1067360885128538,1,2,2
stg5diff2_S5d2_b2.bcEXNT,neurog3_early,0.1533420707732634,0,2,2
stg5diff2_S5d2_b2.bcEGQB,neurog3_early,0.1674311926605504,0,2,2
stg5diff2_S5d2_b2.bcHZPR,neurog3_mid,0.3120728929384966,1,2,2
stg5diff2_S5d2_b2.bcCRZB,neurog3_mid,0.2991480996068152,0,2,2
stg5diff2_S5d2_b2.bcCDOV,neurog3_mid,0.3432313699967458,1,2,2
stg5diff2_S5d2_b2.bcIICG,neurog3_mid,0.1893020969855832,0,2,2
stg5diff2_S5d2_b2.bcATRV,neurog3_mid,0.3479685452162516,0,2,2
stg5diff2_S5d2_b2.bcBLEK,neurog3_mid,0.2623689384010484,0,2,2
stg5diff2_S5d2_b2.bcCGUO,neurog3_mid,0.2971002621231979,0,2,2
stg5diff2_S5d2_b2.bcHEGZ,neurog3_mid,0.2132208387942332,0,2,2
stg5diff2_S5d2_b2.bcFKOB,neurog3_late,0.2560615989515072,0,2,2
stg5diff2_S5d2_b2.bcHFKW,neurog3_mid,0.2173984272608125,0,2,2
stg5diff2_S5d2_b2.bcBMGC,neurog3_late,0.3694298820445609,0,2,2
stg5diff2_S5d2_b2.bcIGTU,neurog3_mid,0.3509599739668076,1,2,2
stg5diff2_S5d2_b2.bcIEEH,neurog3_mid,0.2884993446920052,0,2,2
stg5diff2_S5d2_b2.bcFSWH,neurog3_mid,0.2757891311422063,1,2,2
stg5diff2_S5d2_b2.bcFHAO,neurog3_mid,0.2528473804100228,1,2,2
stg5diff2_S5d2_b2.bcAERD,neurog3_mid,0.3260157273918742,0,2,2
stg5diff2_S5d2_b2.bcBIJA,neurog3_mid,0.3097136348844777,1,2,2
stg5diff2_S5d2_b2.bcETDG,neurog3_mid,0.2150229357798165,0,2,2
stg5diff2_S5d2_b2.bcDCHT,sc_ec,0.5593419506462984,0,2,2
stg5diff2_S5d2_b2.bcEUEI,neurog3_mid,0.2505733944954128,0,2,2
stg5diff2_S5d2_b2.bcDGYE,neurog3_late,0.3808158584534731,0,2,2
stg5diff2_S5d2_b2.bcBJGK,neurog3_mid,0.282134721770257,1,2,2
stg5diff2_S5d2_b2.bcDYRN,neurog3_mid,0.2924666449723397,1,2,2
stg5diff2_S5d2_b2.bcIEVP,neurog3_mid,0.3133745525545069,1,2,2
stg5diff2_S5d2_b2.bcBOJP,prog_nkx61,0.104521625163827,0,2,2
stg5diff2_S5d2_b2.bcGNMP,sc_ec,0.5500881316098707,0,2,2
stg5diff2_S5d2_b2.bcFGPN,neurog3_mid,0.2882536041939711,0,2,2
stg5diff2_S5d2_b2.bcEGYC,neurog3_mid,0.2598438008460788,1,2,2
stg5diff2_S5d2_b2.bcGKQG,neurog3_mid,0.2670842824601366,1,2,2
stg5diff2_S5d2_b2.bcCVOY,neurog3_mid,0.2720347313237221,0,2,2
stg5diff2_S5d2_b2.bcAQYE,neurog3_mid,0.2003604193971166,0,2,2
stg5diff2_S5d2_b2.bcFPAJ,neurog3_mid,0.2518020969855832,0,2,2
stg5diff2_S5d2_b2.bcDYCN,prog_nkx61,0.1163171690694626,0,2,2
stg5diff2_S5d2_b2.bcAGWS,neurog3_early,0.171005532053368,1,2,2
stg5diff2_S5d2_b2.bcCKIC,neurog3_early,0.1634396355353075,1,2,2
stg5diff2_S5d2_b2.bcCESG,neurog3_mid,0.2665465268676278,0,2,2
stg5diff2_S5d2_b2.bcAOHI,neurog3_early,0.1689875491480996,0,2,2
stg5diff2_S5d2_b2.bcCRCY,neurog3_mid,0.2785058977719528,0,2,2
stg5diff2_S5d2_b2.bcFANL,sc_ec,0.7542596944770859,0,2,2
stg5diff2_S5d2_b2.bcANBL,neurog3_mid,0.3411161731207289,1,2,2
stg5diff2_S5d2_b2.bcENFQ,prog_nkx61,0.1330946957370647,1,2,2
stg5diff2_S5d2_b2.bcHCNR,neurog3_mid,0.3464041653107712,1,2,2
stg5diff2_S5d2_b2.bcFFPE,neurog3_mid,0.2768467295802148,1,2,2
stg5diff2_S5d2_b2.bcENJV,neurog3_mid,0.2581913499344692,0,2,2
stg5diff2_S5d2_b2.bcGDYS,neurog3_early,0.1867881548974943,1,2,2
stg5diff2_S5d3_b2.bcEYQY,neurog3_late,0.3484600262123198,0,2,3
stg5diff2_S5d3_b2.bcDIYC,neurog3_mid,0.2569150667100553,1,2,3
stg5diff2_S5d3_b2.bcIFVM,neurog3_mid,0.3150829808005206,1,2,3
stg5diff2_S5d3_b2.bcELNK,neurog3_late,0.4458997722095672,1,2,3
stg5diff2_S5d3_b2.bcIHGL,prog_nkx61,0.0948584445167588,1,2,3
stg5diff2_S5d3_b2.bcFQUM,prog_nkx61,0.128376179629027,1,2,3
stg5diff2_S5d3_b2.bcBQQH,neurog3_late,0.3733322486169866,1,2,3
stg5diff2_S5d3_b2.bcDLYP,neurog3_late,0.390497884803124,1,2,3
stg5diff2_S5d3_b2.bcHDAE,neurog3_late,0.3952977546371624,1,2,3
stg5diff2_S5d3_b2.bcBESZ,neurog3_late,0.4482306684141546,0,2,3
stg5diff2_S5d3_b2.bcDOBM,neurog3_late,0.388382687927107,1,2,3
stg5diff2_S5d3_b2.bcGDWY,neurog3_late,0.4053042629352424,1,2,3
stg5diff2_S5d3_b2.bcGSJJ,prog_nkx61,0.0819232020826553,1,2,3
stg5diff2_S5d3_b2.bcIFUG,sc_ec,0.7950940070505288,0,2,3
stg5diff2_S5d3_b2.bcBICL,neurog3_late,0.4524901703800786,0,2,3
stg5diff2_S5d3_b2.bcGPSQ,neurog3_late,0.4650992515457208,1,2,3
stg5diff2_S5d3_b2.bcEULE,prog_nkx61,0.0857468272046859,1,2,3
stg5diff2_S5d3_b2.bcCZPX,neurog3_late,0.372870249017038,0,2,3
stg5diff2_S5d3_b2.bcBEAW,prog_nkx61,0.1272935779816513,0,2,3
stg5diff2_S5d3_b2.bcCRHM,neurog3_late,0.5611045828437132,0,2,3
stg5diff2_S5d3_b2.bcIIYC,sc_ec,0.8056698002350176,0,2,3
stg5diff2_S5d3_b2.bcALGZ,neurog3_late,0.4294724770642202,0,2,3
stg5diff2_S5d3_b2.bcBCDI,neurog3_late,0.3166775884665793,0,2,3
stg5diff2_S5d3_b2.bcAMNC,neurog3_late,0.3939147412951513,1,2,3
stg5diff2_S5d3_b2.bcBXTX,neurog3_late,0.398633257403189,1,2,3
stg5diff2_S5d3_b2.bcDJRY,sc_beta,0.7094069529652351,1,2,3
stg5diff2_S5d3_b2.bcEFOZ,neurog3_late,0.4823462414578587,1,2,3
stg5diff2_S5d3_b2.bcHDEQ,neurog3_late,0.4457370647575659,1,2,3
stg5diff2_S5d3_b2.bcAINP,neurog3_late,0.4048984272608126,0,2,3
stg5diff2_S5d3_b2.bcDZOD,sc_ec,0.7693889541715628,0,2,3
stg5diff2_S5d3_b2.bcAXLR,prog_nkx61,0.1156618610747051,0,2,3
stg5diff2_S5d3_b2.bcGAWG,neurog3_late,0.3839082329970713,1,2,3
stg5diff2_S5d3_b2.bcDXTI,neurog3_late,0.3302752293577982,0,2,3
stg5diff2_S5d3_b2.bcCSLN,neurog3_late,0.4350425950196592,0,2,3
stg5diff2_S5d3_b2.bcHITK,neurog3_mid,0.3370740498034076,0,2,3
stg5diff2_S5d3_b2.bcABSY,neurog3_late,0.408502621231979,0,2,3
stg5diff2_S5d3_b2.bcGECO,neurog3_late,0.369675622542595,0,2,3
stg5diff2_S5d3_b2.bcDGBT,neurog3_late,0.3388761467889908,0,2,3
stg5diff2_S5d3_b2.bcEVYD,neurog3_mid,0.3314220183486238,0,2,3
stg5diff2_S5d3_b2.bcCHAE,neurog3_late,0.4255406290956749,0,2,3
stg5diff2_S5d3_b2.bcECBR,neurog3_late,0.4052260812581914,0,2,3
stg5diff2_S5d3_b2.bcBQDI,neurog3_late,0.3962975098296199,0,2,3
stg5diff2_S5d3_b2.bcHNAZ,prog_nkx61,0.1317988204456094,0,2,3
stg5diff2_S5d3_b2.bcDODE,neurog3_early,0.1800357956394402,1,2,3
stg5diff2_S5d3_b2.bcCYDC,prog_nkx61,0.1122681418808981,1,2,3
stg5diff2_S5d3_b2.bcBZIE,neurog3_late,0.3442076147087536,1,2,3
stg5diff2_S5d3_b2.bcBCNP,neurog3_mid,0.3403026358607224,1,2,3
stg5diff2_S5d3_b2.bcHLTU,neurog3_early,0.1684835665473478,1,2,3
stg5diff2_S5d3_b2.bcIHJM,prog_nkx61,0.1443315858453473,0,2,3
stg5diff2_S5d3_b2.bcFAPD,neurog3_late,0.3458387942332896,0,2,3
stg5diff2_S5d3_b2.bcBNZE,neurog3_mid,0.2955439056356487,0,2,3
stg5diff2_S5d3_b2.bcAALN,neurog3_early,0.1875819134993447,0,2,3
stg5diff2_S5d3_b2.bcEJKV,neurog3_late,0.3600715912788805,1,2,3
stg5diff2_S5d3_b2.bcCCWV,neurog3_late,0.4118610747051114,0,2,3
stg5diff2_S5d3_b2.bcGRNW,neurog3_late,0.5696239717978848,0,2,3
stg5diff2_S5d3_b2.bcHNYM,neurog3_late,0.3715424666449723,1,2,3
stg5diff2_S5d3_b2.bcEOZH,neurog3_mid,0.318070117955439,0,2,3
stg5diff2_S5d3_b2.bcFOXU,neurog3_late,0.4248034076015727,0,2,3
stg5diff2_S5d3_b2.bcFOVY,neurog3_mid,0.2530914415880247,1,2,3
stg5diff2_S5d3_b2.bcEFJK,neurog3_mid,0.2876667751383013,1,2,3
stg5diff2_S5d3_b2.bcFKPI,prog_nkx61,0.1092726081258191,0,2,3
stg5diff2_S5d4_b2.bcCAAA,sc_ec,0.5142479435957696,0,2,4
stg5diff2_S5d4_b2.bcDBTI,neurog3_mid,0.2773348519362186,1,2,4
stg5diff2_S5d4_b2.bcBCZX,sc_ec,0.5381903642773208,0,2,4
stg5diff2_S5d4_b2.bcECHN,sc_ec,0.6050235017626322,0,2,4
stg5diff2_S5d4_b2.bcBUEX,sc_ec,0.5835781433607521,0,2,4
stg5diff2_S5d4_b2.bcFCWG,sc_beta,0.5519427402862985,1,2,4
stg5diff2_S5d4_b2.bcDSPP,sc_beta,0.4677839245037423,1,2,4
stg5diff2_S5d4_b2.bcAMXZ,prog_nkx61,0.1180373525557011,0,2,4
stg5diff2_S5d4_b2.bcBJQA,neurog3_late,0.4426456231695411,1,2,4
stg5diff2_S5d4_b2.bcIHKQ,sc_beta,0.5871165644171779,1,2,4
stg5diff2_S5d4_b2.bcDDCN,sc_beta,0.7437627811860941,1,2,4
stg5diff2_S5d4_b2.bcCPDE,sc_beta,0.63640081799591,1,2,4
stg5diff2_S5d4_b2.bcFFVJ,prog_nkx61,0.0902212821347217,1,2,4
stg5diff2_S5d4_b2.bcBZVS,prog_nkx61,0.1238203709729905,1,2,4
stg5diff2_S5d4_b2.bcCXFK,neurog3_late,0.4018676277850589,0,2,4
stg5diff2_S5d4_b2.bcFYQK,sc_beta,0.9611451942740286,1,2,4
stg5diff2_S5d4_b2.bcEMFY,neurog3_mid,0.2876802096985583,0,2,4
stg5diff2_S5d4_b2.bcFBXP,prog_nkx61,0.09706749672346,0,2,4
stg5diff2_S5d4_b2.bcHYSR,sc_ec,0.6191245593419507,0,2,4
stg5diff2_S5d4_b2.bcICTR,neurog3_late,0.4412626098275301,1,2,4
stg5diff2_S5d4_b2.bcEBWF,sc_ec,0.599294947121034,0,2,4
stg5diff2_S5d4_b2.bcDDFR,sc_ec,0.7094594594594594,0,2,4
stg5diff2_S5d4_b2.bcDZII,sc_beta,0.4666449723397332,1,2,4
stg5diff2_S5d4_b2.bcFWAL,neurog3_mid,0.2516382699868938,0,2,4
stg5diff2_S5d4_b2.bcDYUG,sc_ec,0.6621621621621622,0,2,4
stg5diff2_S5d4_b2.bcGHRE,neurog3_late,0.4629027009437032,1,2,4
stg5diff2_S5d4_b2.bcAPNT,neurog3_mid,0.3266352098926131,1,2,4
stg5diff2_S5d4_b2.bcFIDO,neurog3_mid,0.1849606815203145,0,2,4
stg5diff2_S5d4_b2.bcGOCS,prog_nkx61,0.1013667425968109,1,2,4
stg5diff2_S5d4_b2.bcDSRN,neurog3_late,0.4760812581913499,0,2,4
stg5diff2_S5d4_b2.bcHWLW,neurog3_mid,0.2123197903014416,0,2,4
stg5diff2_S5d4_b2.bcGKLB,sc_beta,0.5118609406952965,1,2,4
stg5diff2_S5d4_b2.bcAVHE,sc_beta,0.721881390593047,1,2,4
stg5diff2_S5d4_b2.bcAJBK,sc_beta,0.5822085889570552,1,2,4
stg5diff2_S5d4_b2.bcFTCY,prog_nkx61,0.1108289646133682,0,2,4
stg5diff2_S5d4_b2.bcAUVX,sc_beta,0.7319018404907975,1,2,4
stg5diff2_S5d4_b2.bcDUQM,sc_ec,0.4909895150720839,0,2,4
stg5diff2_S5d4_b2.bcDTPZ,sc_ec,0.4780471821756225,0,2,4
stg5diff2_S5d4_b2.bcDDLA,neurog3_mid,0.3179882044560944,0,2,4
stg5diff2_S5d4_b2.bcEHJN,neurog3_late,0.5098159509202455,1,2,4
stg5diff2_S5d4_b2.bcDMGT,sc_beta,0.5051124744376279,1,2,4
stg5diff2_S5d4_b2.bcDCDH,sc_beta,0.5171779141104295,1,2,4
stg5diff2_S5d4_b2.bcELHE,sc_beta,0.8566462167689162,1,2,4
stg5diff2_S5d4_b2.bcCUCD,prog_nkx61,0.1055045871559633,0,2,4
stg5diff2_S5d4_b2.bcFIVT,neurog3_mid,0.2993003579563944,1,2,4
stg5diff2_S5d4_b2.bcHVSX,neurog3_mid,0.2255078636959371,0,2,4
stg5diff2_S5d4_b2.bcCJNH,sc_ec,0.5666862514688602,0,2,4
stg5diff2_S5d4_b2.bcDPCP,neurog3_mid,0.2899446794663196,1,2,4
stg5diff2_S5d4_b2.bcAIHY,sc_beta,0.8237218813905931,1,2,4
stg5diff2_S5d4_b2.bcGOVA,sc_beta,0.6208588957055214,1,2,4
stg5diff2_S5d4_b2.bcHFLN,sc_beta,0.4762447120078099,1,2,4
stg5diff2_S5d4_b2.bcHSGE,sc_beta,0.9505112474437628,1,2,4
stg5diff2_S5d4_b2.bcCNJJ,sc_beta,0.5685071574642127,1,2,4
stg5diff2_S5d4_b2.bcBXWQ,sc_ec,0.5061692126909518,0,2,4
stg5diff2_S5d4_b2.bcCOGH,neurog3_late,0.4302096985583224,0,2,4
stg5diff2_S5d4_b2.bcBJTO,sc_ec,0.9230317273795534,0,2,4
stg5diff2_S5d4_b2.bcBJCI,neurog3_late,0.4817767653758542,1,2,4
stg5diff2_S5d4_b2.bcDMWG,neurog3_mid,0.2812090432503276,0,2,4
stg5diff2_S5d4_b2.bcCABM,neurog3_mid,0.2055209698558322,0,2,4
stg5diff2_S5d4_b2.bcDUFP,sc_ec,0.6413043478260869,0,2,4
stg5diff2_S5d4_b2.bcEUYK,neurog3_late,0.399121379759193,1,2,4
stg5diff2_S5d4_b2.bcCOWI,neurog3_late,0.4625772860397006,1,2,4
stg5diff2_S5d4_b2.bcGQDX,neurog3_late,0.3749593231369997,1,2,4
stg5diff2_S5d4_b2.bcBVTF,neurog3_mid,0.2854685452162516,0,2,4
stg5diff2_S5d4_b2.bcCNBD,neurog3_mid,0.2627785058977719,0,2,4
stg5diff2_S5d4_b2.bcAUXL,sc_ec,0.7536721504112809,0,2,4
stg5diff2_S5d4_b2.bcAMNN,sc_ec,0.925969447708578,0,2,4
stg5diff2_S5d5_b2.bcIBXR,sc_beta,0.6946830265848671,1,2,5
stg5diff2_S5d5_b2.bcFLST,sc_beta,0.8433537832310838,1,2,5
stg5diff2_S5d5_b2.bcFZDV,sc_beta,0.5353783231083844,1,2,5
stg5diff2_S5d5_b2.bcBQOB,neurog3_early,0.2036369593709043,0,2,5
stg5diff2_S5d5_b2.bcHHSB,sc_ec,0.5953290246768508,0,2,5
stg5diff2_S5d5_b2.bcEULZ,sc_ec,0.7256169212690952,0,2,5
stg5diff2_S5d5_b2.bcFGAM,sc_ec,0.5765276145710928,0,2,5
stg5diff2_S5d5_b2.bcHWVO,sc_beta,0.9104294478527608,1,2,5
stg5diff2_S5d5_b2.bcFLXQ,neurog3_mid,0.3586885779368695,1,2,5
stg5diff2_S5d5_b2.bcBUIY,neurog3_mid,0.2946631955743573,1,2,5
stg5diff2_S5d5_b2.bcEWCX,sc_ec,0.5527320799059929,0,2,5
stg5diff2_S5d5_b2.bcFAIJ,sc_beta,0.6748466257668712,1,2,5
stg5diff2_S5d5_b2.bcAWOS,sc_beta,0.6750511247443762,1,2,5
stg5diff2_S5d5_b2.bcELWM,sc_beta,0.7134969325153374,1,2,5
stg5diff2_S5d5_b2.bcGJFF,sc_beta,0.6979550102249489,1,2,5
stg5diff2_S5d5_b2.bcAUSB,sc_ec,0.7939189189189189,0,2,5
stg5diff2_S5d5_b2.bcGHPY,sc_beta,0.4954441913439635,1,2,5
stg5diff2_S5d5_b2.bcFGLW,sc_ec,0.9393360752056404,0,2,5
stg5diff2_S5d5_b2.bcEWQU,neurog3_late,0.474129515131793,1,2,5
stg5diff2_S5d5_b2.bcAITL,neurog3_late,0.4113695937090432,0,2,5
stg5diff2_S5d5_b2.bcFGZA,sc_beta,0.7511247443762781,1,2,5
stg5diff2_S5d5_b2.bcFDEK,sc_ec,0.8939482961222092,0,2,5
stg5diff2_S5d5_b2.bcGLKP,sc_ec,0.785840188014101,0,2,5
stg5diff2_S5d5_b2.bcADVA,sc_ec,0.486975753604194,0,2,5
stg5diff2_S5d5_b2.bcGNSJ,neurog3_late,0.3923656618610747,0,2,5
stg5diff2_S5d5_b2.bcGQMV,neurog3_late,0.3871231979030144,0,2,5
stg5diff2_S5d5_b2.bcBLBQ,sc_beta,0.9098159509202456,1,2,5
stg5diff2_S5d5_b2.bcGPTT,sc_beta,0.9057259713701432,1,2,5
stg5diff2_S5d5_b2.bcBYQF,neurog3_mid,0.2527031454783748,0,2,5
stg5diff2_S5d5_b2.bcFYSQ,neurog3_mid,0.2690039318479685,0,2,5
stg5diff2_S5d5_b2.bcAJRS,neurog3_late,0.5202702702702703,0,2,5
stg5diff2_S5d5_b2.bcBNOQ,sc_ec,0.6717097532314924,0,2,5
stg5diff2_S5d5_b2.bcAKZG,sc_ec,0.900117508813161,0,2,5
stg5diff2_S5d5_b2.bcGDFK,sc_beta,0.9916155419222904,1,2,5
stg5diff2_S5d5_b2.bcFAAW,sc_beta,0.5198364008179959,1,2,5
stg5diff2_S5d5_b2.bcFZJI,prog_nkx61,0.1352098926130816,1,2,5
stg5diff2_S5d5_b2.bcCZZU,prog_nkx61,0.1254474454930035,1,2,5
stg5diff2_S5d5_b2.bcDZDZ,neurog3_late,0.359746176374878,1,2,5
stg5diff2_S5d5_b2.bcEUEA,neurog3_late,0.4274246395806029,0,2,5
stg5diff2_S5d5_b2.bcCQWL,sc_ec,0.6615746180963572,0,2,5
stg5diff2_S5d5_b2.bcAADI,neurog3_late,0.4858444516758867,1,2,5
stg5diff2_S5d5_b2.bcFFNU,sc_beta,0.8832310838445807,1,2,5
stg5diff2_S5d5_b2.bcDIRV,sc_ec,0.5384841363102233,0,2,5
stg5diff2_S5d5_b2.bcEUVI,neurog3_late,0.3779488859764089,0,2,5
stg5diff2_S5d5_b2.bcAVBI,sc_beta,0.9186094069529652,1,2,5
stg5diff2_S5d5_b2.bcFWCP,sc_ec,0.9621034077555816,0,2,5
stg5diff2_S5d6_b2.bcBGEM,sc_beta,0.9503067484662576,1,2,6
stg5diff2_S5d6_b2.bcBIDT,sc_beta,0.6300613496932516,1,2,6
stg5diff2_S5d6_b2.bcARPA,neurog3_late,0.4888545395379108,1,2,6
stg5diff2_S5d6_b2.bcDZEG,neurog3_mid,0.2712155963302752,0,2,6
stg5diff2_S5d6_b2.bcHZLN,sc_beta,0.8858895705521472,1,2,6
stg5diff2_S5d6_b2.bcGNKJ,sc_beta,0.996728016359918,1,2,6
stg5diff2_S5d6_b2.bcEKIA,sc_ec,0.923325499412456,0,2,6
stg5diff2_S5d6_b2.bcIAKW,sc_ec,0.6833137485311398,0,2,6
stg5diff2_S5d6_b2.bcFEUE,neurog3_mid,0.2059876342336479,1,2,6
stg5diff2_S5d6_b2.bcHSNG,neurog3_late,0.5721881390593047,1,2,6
stg5diff2_S5d6_b2.bcDORT,sc_ec,0.8911574618096357,0,2,6
stg5diff2_S5d6_b2.bcHEJX,sc_ec,0.8924794359576969,0,2,6
stg5diff2_S5d6_b2.bcEGBW,neurog3_late,0.6336662749706228,0,2,6
stg5diff2_S5d6_b2.bcCSZM,sc_beta,0.8333333333333333,1,2,6
stg5diff2_S5d6_b2.bcGNJR,sc_ec,0.8373971797884842,0,2,6
stg5diff2_S5d6_b2.bcCSVM,sc_beta,0.923517382413088,1,2,6
stg5diff2_S5d6_b2.bcGMDS,sc_ec,0.8614864864864865,0,2,6
stg5diff2_S5d6_b2.bcGIUV,sc_ec,0.6603995299647474,0,2,6
stg5diff2_S5d6_b2.bcEVQF,sc_ec,0.9919212690951822,0,2,6
stg5diff2_S5d6_b2.bcEXBL,neurog3_late,0.4566384640416531,1,2,6
stg5diff2_S5d6_b2.bcBAVU,sc_ec,0.6981492361927144,0,2,6
stg5diff2_S5d6_b2.bcEQUB,neurog3_late,0.6295534665099882,0,2,6
stg5diff2_S5d6_b2.bcEGEH,sc_ec,0.5456815511163338,0,2,6
stg5diff2_S5d6_b2.bcCXNL,neurog3_late,0.4786205766710354,0,2,6
stg5diff2_S5d6_b2.bcHMHI,sc_beta,0.8008179959100205,1,2,6
stg5diff2_S5d6_b2.bcAFAE,sc_ec,0.7923031727379554,0,2,6
stg5diff2_S5d6_b2.bcEYUD,neurog3_mid,0.2220143182557761,1,2,6
stg5diff2_S5d6_b2.bcIBBI,neurog3_mid,0.2857961992136304,0,2,6
stg5diff2_S5d6_b2.bcEEYJ,sc_ec,0.745593419506463,0,2,6
stg5diff2_S5d6_b2.bcABXS,neurog3_late,0.4470838794233289,0,2,6
stg5diff2_S5d6_b2.bcGULY,sc_ec,0.560957696827262,0,2,6
stg5diff2_S5d6_b2.bcEMNE,neurog3_late,0.3891710353866317,0,2,6
stg5diff2_S5d6_b2.bcCIWT,sc_ec,0.8851351351351351,0,2,6
stg5diff2_S5d6_b2.bcFSCV,neurog3_mid,0.3175786369593709,0,2,6
stg5diff2_S5d6_b2.bcFTCZ,sc_ec,0.8823443008225618,0,2,6
stg5diff2_S5d6_b2.bcCLPB,sc_beta,0.6335378323108385,1,2,6
stg5diff2_S5d6_b2.bcCYDQ,neurog3_mid,0.2988935893263911,1,2,6
stg5diff2_S5d6_b2.bcCABL,sc_ec,0.9544653349001176,0,2,6
stg5diff2_S5d6_b2.bcHNOD,sc_ec,0.9062867215041128,0,2,6
stg5diff2_S5d6_b2.bcEKXO,sc_beta,0.729243353783231,1,2,6
stg5diff2_S5d6_b2.bcDGOH,sc_ec,0.8820505287896592,0,2,6
stg5diff2_S5d6_b2.bcBQUZ,sc_ec,0.6617215041128085,0,2,6
stg5diff2_S5d6_b2.bcEGUV,sc_ec,0.4994266055045872,0,2,6
stg5diff2_S5d6_b2.bcIDQI,neurog3_late,0.4713634884477709,1,2,6
stg5diff2_S5d6_b2.bcCYHL,sc_beta,0.5486707566462168,1,2,6
stg5diff2_S5d6_b2.bcCRDR,neurog3_late,0.6712690951821386,0,2,6
stg5diff2_S5d6_b2.bcIEPI,neurog3_mid,0.2387731858119101,1,2,6
stg5diff2_S5d6_b2.bcCDFJ,sc_ec,0.5706521739130435,0,2,6
stg5diff2_S5d6_b2.bcFUIS,neurog3_late,0.5809815950920245,1,2,6
stg5diff2_S5d6_b2.bcEIVI,sc_beta,0.7811860940695297,1,2,6
stg5diff2_S5d6_b2.bcGFFB,sc_beta,0.4798242759518386,1,2,6
stg5diff2_S5d6_b2.bcEWKP,sc_ec,0.7796709753231492,0,2,6
stg5diff2_S5d6_b2.bcEEAW,sc_ec,0.9456521739130436,0,2,6
stg5diff2_S5d6_b2.bcBXJW,sc_ec,0.8346063454759107,0,2,6
stg5diff2_S5d6_b2.bcFUUD,sc_ec,0.8343125734430082,0,2,6
stg5diff2_S5d6_b2.bcDOHD,neurog3_late,0.5957055214723926,1,2,6
stg5diff2_S5d6_b2.bcDZNU,sc_beta,0.7533742331288343,1,2,6
stg5diff2_S5d6_b2.bcHAEZ,sc_ec,0.8735311398354877,0,2,6
stg5diff2_S5d6_b2.bcIBLW,sc_beta,0.8959100204498978,1,2,6
stg5diff2_S5d6_b2.bcAHIO,sc_ec,0.9494712103407756,0,2,6
stg5diff2_S5d6_b2.bcETOK,neurog3_late,0.3920436055971363,1,2,6
stg5diff2_S5d6_b2.bcFDYY,sc_beta,0.811042944785276,1,2,6
stg5diff2_S5d6_b2.bcDTOG,sc_ec,0.9983842538190364,0,2,6
stg5diff2_S5d6_b2.bcHSAQ,sc_ec,0.7253231492361927,0,2,6
stg5diff2_S5d7_b2.bcFAYN,sc_ec,0.9324324324324323,0,2,7
stg5diff2_S5d7_b2.bcFHCP,neurog3_late,0.4162056622193296,1,2,7
stg5diff2_S5d7_b2.bcHZGH,sc_ec,0.8895417156286721,0,2,7
stg5diff2_S5d7_b2.bcCJCR,neurog3_mid,0.315940366972477,0,2,7
stg5diff2_S5d7_b2.bcBWCT,sc_beta,0.9987730061349692,1,2,7
stg5diff2_S5d7_b2.bcBZCN,neurog3_late,0.6153374233128834,1,2,7
stg5diff2_S5d7_b2.bcFWLH,sc_beta,0.661758691206544,1,2,7
stg5diff2_S5d7_b2.bcCCVJ,sc_ec,0.7742361927144537,0,2,7
stg5diff2_S5d7_b2.bcEGYJ,neurog3_late,0.4131142206313049,1,2,7
stg5diff2_S5d7_b2.bcIEIV,sc_beta,0.6431492842535788,1,2,7
stg5diff2_S5d7_b2.bcAXSP,sc_beta,0.985480572597137,1,2,7
stg5diff2_S5d7_b2.bcBMSX,sc_ec,0.6721504112808461,0,2,7
stg5diff2_S5d7_b2.bcESKJ,sc_ec,0.538924794359577,0,2,7
stg5diff2_S5d7_b2.bcBSMD,neurog3_late,0.8408997955010225,1,2,7
stg5diff2_S5d7_b2.bcFYGY,sc_beta,0.9298568507157464,1,2,7
stg5diff2_S5d7_b2.bcGUFI,sc_ec,0.7605757931844888,0,2,7
stg5diff2_S5d7_b2.bcBKMZ,neurog3_mid,0.2664646133682831,0,2,7
stg5diff2_S5d7_b2.bcFJTR,sc_beta,0.9494887525562372,1,2,7
stg5diff2_S5d7_b2.bcCYPM,neurog3_late,0.3799148099606815,0,2,7
stg5diff2_S5d7_b2.bcEKHH,sc_ec,0.8752937720329025,0,2,7
stg5diff2_S5d7_b2.bcFYCL,sc_ec,0.7831227967097532,0,2,7
stg5diff2_S5d7_b2.bcEGEZ,neurog3_early,0.2046859746176375,1,2,7
stg5diff2_S5d7_b2.bcCNPH,sc_ec,0.9162749706227968,0,2,7
stg5diff2_S5d7_b2.bcDHET,neurog3_mid,0.2644986893840105,0,2,7
stg5diff2_S5d7_b2.bcAMZB,sc_ec,0.8190364277320799,0,2,7
stg5diff2_S5d7_b2.bcECUC,neurog3_late,0.8745593419506463,0,2,7
stg5diff2_S5d7_b2.bcGTYF,sc_ec,0.9529964747356052,0,2,7
stg5diff2_S5d7_b2.bcIHMY,neurog3_late,0.4260321100917431,0,2,7
stg5diff2_S5d7_b2.bcCMBN,sc_beta,0.9445807770961144,1,2,7
stg5diff2_S5d7_b2.bcGBLV,prog_nkx61,0.1229254799869834,1,2,7
stg5diff2_S5d7_b2.bcHTBM,sc_ec,0.8985017626321974,0,2,7
stg5diff2_S5d7_b2.bcBBDP,sc_ec,0.8365158636897767,0,2,7
stg5diff2_S5d7_b2.bcBTAS,neurog3_late,0.4545380078636959,0,2,7
stg5diff2_S5d7_b2.bcBUOI,sc_ec,0.8579612220916568,0,2,7
stg5diff2_S5d7_b2.bcEBMH,sc_ec,0.8535546415981199,0,2,7
stg5diff2_S5d7_b2.bcENSX,sc_beta,0.9392638036809816,1,2,7
stg5diff2_S5d7_b2.bcHRAZ,sc_beta,0.7079754601226994,1,2,7
stg5diff2_S5d7_b2.bcAEOE,sc_beta,0.5660531697341513,1,2,7
stg5diff2_S5d7_b2.bcGZEO,sc_ec,0.9789952996474736,0,2,7
stg5diff2_S5d7_b2.bcAQXK,sc_ec,0.862367802585194,0,2,7
stg5diff2_S5d7_b2.bcDNMJ,sc_ec,0.6370446533490012,0,2,7
stg5diff2_S5d7_b2.bcDJCD,sc_beta,0.6758691206543967,1,2,7
stg5diff2_S5d7_b2.bcGRRF,sc_ec,0.9369858989424208,0,2,7
stg5diff2_S5d7_b2.bcHLZB,sc_ec,0.8714747356051704,0,2,7
stg5diff2_S5d7_b2.bcHQZM,sc_beta,0.952965235173824,1,2,7
stg5diff2_S5d7_b2.bcEZEA,sc_ec,0.6264688601645123,0,2,7
stg5diff2_S5d7_b2.bcIAOJ,neurog3_late,0.3864678899082568,0,2,7
stg5diff2_S5d7_b2.bcGYYH,sc_beta,0.7030674846625766,1,2,7
stg5diff2_S5d7_b2.bcHSCB,neurog3_mid,0.1882372214941022,0,2,7
stg5diff2_S5d7_b2.bcHGQP,sc_ec,0.9563748531139836,0,2,7
stg5diff2_S5d7_b2.bcEEPW,sc_beta,0.987525562372188,1,2,7
stg5diff2_S5d7_b2.bcEIBD,sc_beta,0.8462167689161555,1,2,7
stg5diff2_S5d7_b2.bcALPD,sc_ec,0.4999180865006553,0,2,7
stg5diff2_S5d7_b2.bcCMAP,sc_beta,0.9546012269938652,1,2,7
stg5diff2_S5d7_b2.bcDJBV,neurog3_mid,0.2345427920598763,1,2,7
stg5diff2_S5d7_b2.bcDPNP,sc_ec,0.5919506462984724,0,2,7
stg5diff2_S5d7_b2.bcCLOJ,sc_ec,0.5277614571092832,0,2,7
stg5diff2_S5d7_b2.bcBFLD,sc_ec,0.9970622796709754,0,2,7
stg5diff2_S5d7_b2.bcFWJB,prog_nkx61,0.1173001310615989,0,2,7
